sample	PC1	PC2	PC3	PC4	PC5	PC6	PC7	PC8	PC9	PC10
200_Teno_120_1982	-0.007	-0.0095	-0.0116	-0.0038	-0.0071	-0.0148	-0.0051	0.0039	-0.0002	-0.0015
201_Teno_144_1982	-0.0084	-0.011	0.0089	-0.0119	-0.0094	0.0187	-0.0001	0.0001	0.0039	0.0
202_Teno_171_1982	-0.0122	-0.0119	-0.0009	0.0044	-0.008	0.0027	-0.0037	0.0032	0.0044	0.0026
203_Teno_696_1982	-0.0118	-0.0171	0.0023	0.0202	-0.0158	0.006	0.0027	-0.0101	-0.0144	0.0048
204_Teno_332_1983	-0.0144	-0.0071	-0.0041	0.0205	0.0017	0.0086	-0.008	0.0022	0.002	-0.0027
205_Teno_360_1983	-0.0141	-0.021	-0.0038	0.007	-0.0009	0.0054	-0.0036	-0.0019	0.0002	-0.0001
206_Teno_567_1983	-0.0116	-0.012	-0.0065	-0.038	-0.0029	-0.0032	-0.0106	-0.0004	0.0006	-0.0166
207_Teno_671_1983	-0.0107	-0.0154	-0.0036	0.0244	0.0055	-0.0148	-0.0044	-0.0092	-0.0044	-0.0027
208_Teno_674_1983	-0.0077	-0.0099	0.0126	0.0333	0.0097	0.0069	-0.0001	-0.0003	0.0028	-0.0151
209_Teno_740_1983	-0.0062	-0.0073	-0.0034	-0.0272	0.0089	0.005	-0.0007	-0.0008	0.0011	-0.0004
210_Teno_765_1983	-0.0052	-0.007	-0.0057	0.0181	-0.0042	0.0082	0.0016	0.0079	-0.0001	0.0001
211_Teno_766_1983	-0.0047	-0.0241	-0.008	0.0193	-0.0097	0.0135	-0.0135	-0.0051	0.0147	-0.0078
212_Teno_769_1983	-0.0137	-0.0145	-0.0083	0.0205	-0.0015	0.0045	-0.0167	-0.0002	-0.0012	0.003
213_Teno_772_1983	-0.0058	-0.0143	-0.0212	0.0173	0.0154	-0.0038	-0.0033	-0.0004	-0.0001	0.0008
214_Teno_774_1983	-0.0137	-0.0111	-0.0045	-0.036	0.0085	-0.0064	0.0086	-0.0056	-0.001	0.0018
215_Teno_776_1983	-0.0124	-0.0131	-0.0016	-0.0312	-0.0263	0.0336	-0.016	0.0173	0.0096	0.0014
216_Teno_781_1983	-0.0194	-0.0078	0.0031	-0.0254	0.0025	0.0008	0.0025	-0.0052	0.0144	0.0068
217_Teno_782_1983	-0.0073	-0.0209	-0.0087	-0.006	-0.006	-0.0128	-0.0012	0.002	0.002	-0.0102
218_Teno_166_1985	-0.0148	-0.0105	-0.007	-0.0344	-0.0287	0.0123	-0.0008	-0.0086	-0.0021	0.0016
219_Teno_345_1985	-0.0121	-0.0088	-0.0126	-0.0026	0.0008	-0.0064	0.0087	0.0071	0.0122	-0.0017
220_Teno_403_1985	-0.0135	-0.0083	-0.0048	0.0119	0.0004	-0.0038	-0.0002	-0.0211	-0.0031	-0.001
221_Teno_785_1985	-0.0099	-0.0132	-0.0014	-0.0411	-0.0073	0.0137	-0.0218	0.013	-0.0009	-0.0078
222_Teno_790_1985	-0.0091	-0.0167	-0.0042	-0.0221	0.0022	-0.0034	-0.0143	0.0022	0.01	-0.0001
223_Teno_894_1985	-0.0003	-0.0105	-0.0134	-0.0116	-0.0028	0.0066	0.0097	0.0599	-0.0068	-0.0232
224_Teno_1076_1985	-0.0099	-0.0126	0.0024	0.0154	-0.0026	0.0186	-0.0002	-0.0006	-0.0008	-0.0002
225_Teno_214_1986	-0.0107	-0.0165	-0.0094	-0.0299	-0.0074	0.009	-0.0136	0.0135	-0.0004	-0.0059
226_Teno_219_1986	-0.0119	-0.012	-0.0016	-0.0229	-0.0001	0.0022	-0.0174	0.0002	0.0078	-0.0061
227_Teno_221_1986	-0.0115	-0.014	-0.0093	-0.0279	0.002	0.0081	-0.0022	0.0006	-0.0004	-0.0002
228_Teno_223_1986	-0.0105	-0.0126	-0.0166	0.0002	0.0091	0.0087	-0.0036	0.0121	0.0116	-0.0036
229_Teno_225_1986	-0.0104	-0.0102	-0.0064	-0.0199	0.0078	0.0137	0.009	-0.0053	0.001	-0.0042
230_Teno_429_1986	-0.0078	-0.0146	0.0044	-0.0192	-0.0069	0.0069	-0.0056	0.0049	0.0002	0.0038
231_Teno_432_1986	-0.0089	-0.0188	0.0	-0.0088	0.0036	0.0005	-0.0011	0.0216	0.0185	-0.0139
232_Teno_433_1986	-0.0132	-0.0113	-0.0075	-0.0447	-0.0006	-0.0077	-0.0042	-0.0019	-0.0109	-0.0124
233_Teno_434_1986	-0.0109	-0.0074	0.0022	-0.0362	-0.0089	0.0032	-0.0098	-0.0039	0.0004	0.0022
234_Teno_435_1986	-0.0121	-0.0128	-0.0072	-0.0223	-0.0081	-0.0009	0.0118	0.001	-0.0044	-0.0028
235_Teno_507_1986	-0.0132	-0.0123	-0.0082	-0.0224	-0.0002	0.0136	-0.0051	-0.0019	-0.0007	0.0018
236_Teno_512_1986	-0.0077	-0.0201	-0.0108	-0.0447	0.0025	0.0039	-0.0146	-0.0025	0.0017	-0.0012
237_Teno_513_1986	-0.0094	-0.0122	-0.0145	0.0114	0.0093	0.0091	-0.0021	-0.0158	-0.0031	-0.0104
238_Teno_559_1986	-0.014	-0.0135	0.0007	-0.0345	-0.0076	0.0092	0.0032	-0.0015	0.0003	0.0009
239_Teno_685_1986	-0.0157	-0.0035	-0.0099	0.0244	-0.005	0.0072	-0.0033	-0.0052	0.0017	-0.0042
240_Teno_772_1986	-0.0097	-0.0166	-0.0034	0.016	0.0161	-0.0028	0.0083	-0.0011	-0.0036	0.0015
241_Teno_929_1986	-0.0141	-0.0154	0.0065	-0.009	-0.014	0.0082	-0.0214	0.0159	-0.0096	-0.0196
242_Teno_1005_1986	-0.0028	-0.0127	0.004	0.0033	-0.0182	0.006	-0.0026	-0.0007	-0.0146	-0.0026
243_Teno_1047_1986	-0.0132	-0.0162	0.0043	0.0199	-0.0182	0.0136	-0.0059	-0.0041	-0.0011	-0.0038
244_Teno_1048_1986	-0.0051	-0.0162	-0.0053	0.0299	-0.0099	0.0119	-0.0169	-0.0091	-0.0012	-0.011
245_Teno_1050_1986	-0.0113	-0.0061	-0.0043	-0.0038	-0.0251	0.0075	-0.0094	0.0108	0.0032	0.005
246_Teno_1057_1986	-0.0086	-0.0163	-0.0113	-0.0105	-0.0121	0.0073	-0.014	0.0088	0.0127	-0.0088
247_Teno_1112_1986	-0.0138	-0.0135	-0.007	-0.0274	-0.0063	0.009	0.0105	0.0023	-0.0053	0.0013
248_Teno_1113_1986	-0.0103	-0.009	-0.0003	0.0067	0.0143	-0.0057	0.003	0.0007	0.004	0.0009
249_Teno_1142_1986	-0.012	-0.014	-0.0048	0.0094	-0.0047	0.0094	-0.0185	-0.004	0.0084	-0.0142
250_Teno_1190_1986	-0.0112	-0.011	0.0015	-0.005	0.0009	0.0132	0.0059	-0.0077	0.0008	-0.0025
251_Teno_1197_1986	-0.0084	-0.0055	-0.0083	0.0103	-0.0011	0.0173	-0.0114	-0.0066	0.0053	-0.0004
252_Teno_1275_1986	-0.0101	-0.0127	-0.0033	0.0109	0.0108	-0.0058	-0.0048	0.0077	0.0001	-0.0026
253_Teno_1295_1986	-0.0091	-0.0147	-0.0037	0.0058	-0.0003	-0.0039	-0.0111	-0.0104	0.0004	0.0016
254_Teno_1384_1986	-0.0144	-0.0101	0.0007	-0.0305	-0.0249	0.0263	0.0011	-0.0214	-0.0054	-0.0054
255_Teno_1161_1987	-0.0148	-0.0128	0.0042	0.0064	-0.015	0.0225	0.0152	-0.0178	-0.0174	0.0025
256_Teno_1358_1987	-0.0101	-0.0127	-0.0052	0.0032	0.0036	-0.001	-0.0167	-0.0197	0.0024	-0.0024
257_Teno_1365_1987	-0.0189	-0.0144	0.0163	-0.0394	-0.0337	0.0074	0.0009	0.0012	-0.007	-0.0073
258_Teno_145_1987	-0.0138	-0.0119	-0.0096	-0.0478	-0.004	0.0132	0.008	-0.0245	0.0147	0.0189
259_Teno_156_1987	-0.0138	-0.0174	-0.0103	-0.038	-0.0057	0.0134	0.0012	-0.0112	0.0027	0.0003
260_Teno_245_1987	-0.01	-0.009	0.0009	0.0166	0.0006	0.0099	0.0024	-0.0003	-0.0007	0.0055
261_Teno_256_1987	-0.0067	-0.0133	-0.0054	0.0023	-0.0119	0.016	0.0017	-0.0066	0.0059	-0.0471
262_Teno_288_1987	-0.0092	-0.0168	-0.0122	0.0087	-0.0048	0.0157	0.007	0.0306	-0.0308	0.016
263_Teno_389_1987	-0.0095	-0.0108	-0.0103	-0.026	0.0103	0.0086	-0.009	-0.0076	0.0026	-0.0029
264_Teno_390_1987	-0.0125	-0.0113	-0.0088	-0.0375	-0.0076	0.015	-0.0043	-0.0283	0.0043	0.0237
265_Teno_396_1987	-0.0089	-0.014	-0.0107	-0.0189	-0.0091	0.0157	0.0047	-0.0	-0.0002	-0.002
266_Teno_402_1987	-0.0096	-0.0101	-0.005	0.0073	-0.0005	0.0106	-0.0058	-0.0058	0.0	-0.0023
267_Teno_411_1987	-0.0104	-0.0101	0.004	0.0141	-0.0046	0.0049	-0.0098	0.0051	0.0026	-0.0003
268_Teno_626_1987	-0.0125	-0.0137	-0.0115	-0.0474	-0.008	0.0025	-0.0005	0.0076	-0.0078	0.0026
269_Teno_637_1987	-0.0109	-0.0072	-0.0009	-0.0386	0.0144	-0.0052	0.0044	0.0141	-0.0013	0.0064
270_Teno_638_1987	-0.0135	-0.0155	-0.0161	-0.0462	-0.006	0.017	-0.0069	-0.0268	0.0191	-0.0088
271_Teno_639_1987	-0.012	-0.0144	0.0035	0.0106	-0.0191	0.0064	-0.0144	-0.0102	0.0038	0.0012
272_Teno_640_1987	-0.0085	-0.0143	-0.0067	0.0278	-0.0099	0.0045	-0.0195	-0.0011	0.0028	0.0023
273_Teno_641_1987	-0.01	-0.0107	-0.0075	-0.0119	0.0131	-0.003	0.0098	0.0078	-0.0076	0.0073
274_Teno_644_1987	-0.0138	-0.0061	0.0013	-0.0164	-0.0151	0.0124	0.0038	-0.0018	0.0005	-0.0097
275_Teno_650_1987	-0.0104	-0.0149	0.0034	-0.0289	-0.0106	0.0203	-0.0269	-0.0022	0.0069	-0.0027
276_Teno_721_1987	-0.0091	-0.0122	0.0022	-0.0236	-0.0057	0.0052	-0.001	-0.0058	-0.0216	0.0085
277_Teno_734_1987	-0.0121	-0.0145	-0.007	0.0128	-0.0125	0.0093	-0.0075	-0.0042	-0.0039	-0.0014
278_Teno_750_1987	-0.0051	-0.0179	-0.0062	0.0134	0.0058	0.0026	0.0032	-0.0013	-0.0044	0.0012
279_Teno_751_1987	-0.0056	-0.0154	-0.0056	0.0158	0.0074	-0.0098	0.0066	0.0019	0.0012	-0.0001
280_Teno_755_1987	-0.0033	-0.0142	-0.0049	0.0093	-0.009	-0.004	0.0092	-0.0071	-0.0013	0.0031
281_Teno_756_1987	-0.0116	-0.0119	-0.007	0.006	0.0159	0.0118	-0.0092	0.0137	-0.0008	0.0016
282_Teno_760_1987	-0.0123	-0.011	0.0041	0.0187	-0.017	0.0024	-0.0072	-0.0053	0.0083	-0.0035
283_Teno_766_1987	-0.0142	-0.0124	0.0122	-0.0198	0.005	0.0155	-0.0072	-0.0029	0.0005	-0.005
284_Teno_835_1987	-0.0153	-0.0056	0.0112	-0.0247	-0.0284	-0.0072	-0.0139	0.0321	0.0061	0.0009
285_Teno_838_1987	-0.0154	-0.0148	0.0007	-0.0312	0.0083	-0.0076	-0.0053	-0.0034	-0.0014	-0.0011
286_Teno_842_1987	-0.0153	-0.009	0.0072	-0.0069	-0.0018	0.0056	-0.004	0.013	0.036	0.0574
287_Teno_843_1987	-0.0095	-0.0113	0.0067	0.0043	0.007	0.001	0.01	0.0013	0.0021	-0.0003
288_Teno_844_1987	-0.012	-0.019	0.0007	-0.0072	-0.0103	0.0099	-0.0025	-0.0017	-0.0041	0.0034
289_Teno_846_1987	-0.0113	-0.013	0.0052	-0.0262	0.0008	0.0013	-0.0155	-0.0117	0.0011	-0.0006
290_Teno_905_1987	-0.0063	-0.01	0.0095	-0.0071	0.0027	0.0133	-0.0017	0.0024	0.0003	-0.0093
291_Teno_965_1987	-0.0082	-0.0142	-0.0011	-0.0229	-0.0016	0.0112	-0.0063	-0.0065	0.0171	0.0173
292_Teno_286_1988	-0.0137	-0.0064	0.0152	-0.0247	-0.0073	0.0134	-0.0088	-0.0169	-0.0071	-0.0192
293_Teno_372_1989	-0.0131	-0.014	-0.0102	-0.0134	-0.0114	0.0165	0.005	-0.0002	-0.0008	0.0044
300_Teno_3692_2001	-0.0107	-0.0107	-0.0135	-0.019	-0.0237	-0.0125	-0.0131	0.0032	0.0055	0.0084
301_Teno_3693_2001	-0.0113	-0.0113	-0.0021	-0.0268	0.0153	-0.0004	-0.0022	0.0067	-0.005	-0.0001
302_Teno_3695_2001	-0.0105	-0.0193	-0.0072	0.0191	0.0017	-0.0107	-0.0017	-0.0225	-0.0045	-0.002
303_Teno_3731_2001	-0.0067	-0.0081	-0.0064	0.0075	0.0	-0.0025	0.0037	0.008	-0.0032	-0.0062
304_Teno_3733_2001	-0.0137	-0.0129	-0.0006	-0.0243	0.0009	-0.0021	0.0079	0.004	-0.0025	0.0003
305_Teno_3734_2001	-0.0083	-0.0141	0.0018	0.011	-0.0051	-0.0048	0.0016	0.0004	0.0027	0.0033
306_Teno_3736_2001	-0.0073	-0.0041	-0.0038	-0.0076	-0.0158	-0.0006	0.0066	0.0198	-0.0022	0.0351
307_Teno_3738_2001	-0.0144	-0.0145	-0.0034	0.0165	-0.0011	-0.0044	-0.0091	-0.0056	0.0004	0.0026
308_Teno_3741_2001	-0.008	-0.0145	0.0062	0.0161	0.0208	0.0027	-0.0109	-0.0009	0.0013	-0.0002
309_Teno_3742_2001	-0.0113	-0.0153	-0.0059	0.0351	-0.0039	0.0101	-0.0032	-0.0106	-0.0025	-0.0041
310_Teno_3744_2001	-0.0028	-0.0109	-0.0023	0.0038	0.0058	-0.0053	0.0105	-0.0006	0.0001	0.0002
311_Teno_3751_2001	-0.0119	-0.0098	-0.0055	-0.0077	-0.0005	0.0055	0.004	-0.0094	-0.0006	0.0008
312_Teno_3902_2001	-0.0053	-0.0162	-0.007	0.0051	0.0095	0.0173	-0.0087	-0.0029	0.0049	-0.0111
313_Teno_3903_2001	-0.0084	-0.01	-0.0086	0.0146	-0.0035	0.0105	0.0108	0.0046	-0.0007	-0.0016
314_Teno_3910_2001	-0.01	-0.0166	-0.007	0.0253	0.0085	0.0001	-0.0089	0.002	0.0045	0.0017
315_Teno_3912_2001	-0.0118	-0.0071	-0.0047	0.03	0.0193	-0.0154	0.0017	-0.004	-0.0007	0.0015
316_Teno_3914_2001	-0.0114	-0.0199	-0.0066	0.0077	-0.0005	-0.0027	-0.0091	-0.0169	-0.0035	-0.0049
317_Teno_3916_2001	-0.0145	-0.0136	-0.0145	-0.0318	-0.0187	0.0106	-0.0064	0.0063	0.001	-0.0038
318_Teno_4165_2001	-0.0135	-0.0129	0.002	0.0115	0.0043	-0.0031	-0.0146	0.0006	0.0017	-0.0104
319_Teno_4167_2001	-0.0134	-0.0147	-0.0194	-0.0465	0.0032	-0.003	-0.0111	0.0035	0.0022	0.0001
320_Teno_4168_2001	-0.0155	-0.01	-0.0114	0.0172	0.0142	-0.0166	0.0129	0.003	0.013	-0.0048
321_Teno_4169_2001	-0.0114	-0.0072	-0.0074	0.017	-0.0214	0.0133	-0.0013	-0.0008	-0.0005	-0.0025
322_Teno_4890_2001	-0.0157	-0.0148	-0.0069	-0.0071	-0.006	0.0014	0.004	0.0001	0.0001	0.0005
323_Teno_4898_2001	-0.0085	-0.0099	-0.0025	0.0	0.0068	-0.0027	0.0068	0.0018	-0.0014	-0.0028
324_Teno_4899_2001	-0.0099	-0.0123	-0.0096	0.0267	0.0107	-0.01	0.0111	0.0598	0.0076	0.0017
325_Teno_4919_2001	-0.0113	-0.0204	-0.0062	-0.0145	0.0031	-0.0113	-0.0094	-0.0002	-0.0098	-0.0018
326_Teno_4920_2001	-0.0117	-0.0125	-0.0137	-0.0179	-0.0085	-0.0145	0.0136	0.003	0.0029	0.0105
327_Teno_4925_2001	-0.0068	-0.0169	-0.0153	-0.0021	0.0096	0.0163	-0.0047	0.0062	0.0031	-0.0074
328_Teno_4928_2001	-0.011	-0.0158	-0.0069	-0.0376	-0.0016	0.0024	-0.005	-0.0059	-0.0055	0.0001
329_Teno_4929_2001	-0.0084	-0.0151	-0.0141	-0.0418	0.0139	0.0065	-0.0124	-0.0018	-0.0039	-0.0024
330_Teno_4992_2001	-0.0104	-0.0139	-0.007	-0.033	-0.0055	-0.0188	-0.0008	0.0013	-0.002	0.0021
331_Teno_4993_2001	-0.0125	-0.0073	-0.0036	-0.0508	-0.0043	-0.0067	0.0023	0.0002	-0.0007	0.0014
332_Teno_4995_2001	-0.0169	-0.0205	-0.0206	0.0098	-0.002	0.0041	-0.0162	0.0012	0.0131	0.0004
333_Teno_4996_2001	-0.0092	-0.0115	-0.0146	0.0035	0.0032	-0.0158	0.0009	-0.0021	-0.0011	0.0044
334_Teno_4997_2001	-0.0117	-0.0111	-0.0064	0.0126	0.0027	-0.0012	-0.0029	0.0049	0.0007	0.0024
335_Teno_4999_2001	-0.0132	-0.0124	-0.0093	0.0092	0.0043	-0.0063	-0.0062	-0.0008	0.0154	0.0048
336_Teno_5000_2001	-0.0105	-0.0091	-0.0028	0.0076	-0.0087	0.0017	0.0021	-0.0013	0.0001	-0.0006
337_Teno_5068_2001	-0.007	-0.0112	0.0002	0.0176	0.0029	0.0046	-0.0003	0.0045	0.0001	0.0037
338_Teno_5069_2001	-0.0053	-0.015	-0.0032	0.0286	-0.0054	-0.0195	0.012	-0.0018	-0.001	-0.0002
339_Teno_5072_2001	-0.0159	-0.0149	-0.0154	0.0259	-0.003	0.018	0.0108	-0.0045	0.0024	-0.0009
340_Teno_5073_2001	-0.0091	-0.0135	0.001	0.0219	0.0007	0.0077	-0.006	-0.0005	0.0012	0.0024
341_Teno_5076_2001	-0.0124	-0.0153	-0.0025	0.0021	-0.0034	0.0052	0.0027	0.0048	-0.0048	-0.0051
342_Teno_5111_2001	-0.0111	-0.0205	-0.0142	0.0227	-0.0052	-0.0046	0.0023	0.0015	-0.0017	0.0009
343_Teno_5113_2001	-0.0077	-0.0132	-0.0103	0.0134	-0.0128	-0.0077	-0.0007	-0.0018	-0.0037	-0.0004
344_Teno_5115_2001	-0.0162	-0.0161	-0.0096	0.0213	-0.0047	-0.0158	0.0015	-0.0015	-0.0037	-0.0002
345_Teno_5118_2001	-0.01	-0.0179	-0.004	0.0101	-0.0184	0.007	-0.0024	-0.0002	-0.003	0.0001
346_Teno_5119_2001	-0.0061	-0.0121	-0.0003	0.0153	-0.0113	-0.0045	0.0025	0.0002	-0.0025	0.0068
347_Teno_5120_2001	-0.008	-0.0067	-0.0022	0.0237	-0.0067	-0.0098	0.0065	-0.0015	-0.0005	0.0002
348_Teno_5121_2001	-0.0127	-0.0198	0.0026	0.0141	0.002	0.0044	-0.0041	0.0051	0.003	0.0
349_Teno_5124_2001	-0.0129	-0.0113	-0.0017	0.0354	0.0054	-0.0019	0.0037	-0.0155	0.0068	0.0123
350_Teno_5143_2001	-0.0107	-0.0121	-0.0184	0.0328	0.0151	-0.0002	-0.0104	-0.0058	0.0026	0.0028
351_Teno_5145_2001	-0.0118	-0.0047	0.0089	0.0124	-0.0014	-0.0108	0.006	-0.0031	-0.0399	-0.0001
352_Teno_5154_2001	-0.0121	-0.0075	-0.0064	0.0106	-0.0042	-0.0049	0.0037	-0.0057	-0.0018	-0.0033
353_Teno_5155_2001	-0.0103	-0.0136	-0.0072	-0.0396	0.0011	-0.0015	-0.0007	0.0002	-0.0002	0.0002
354_Teno_5159_2001	-0.0101	-0.0129	-0.0151	0.0145	0.0033	0.0086	0.005	0.023	-0.0041	0.0045
355_Teno_5160_2001	-0.0086	-0.0127	-0.0036	0.0138	0.0034	-0.0067	-0.002	-0.0027	0.0001	-0.001
356_Teno_5164_2001	-0.0102	-0.0136	-0.0016	0.0301	-0.004	-0.0106	-0.0048	-0.0015	0.0003	-0.0009
357_Teno_5165_2001	-0.0041	-0.0102	0.0025	0.0036	-0.0007	0.0091	0.0009	-0.0019	-0.0017	0.0002
358_Teno_5166_2001	-0.0197	-0.0095	-0.0204	-0.0155	-0.0102	-0.0068	-0.008	-0.0002	0.0004	0.0017
359_Teno_5169_2001	-0.0142	-0.0167	0.0005	-0.0373	0.0172	-0.0074	0.0014	0.0165	0.0005	0.0034
360_Teno_5172_2001	-0.011	-0.0165	-0.0014	-0.0048	0.0006	-0.0088	0.0115	-0.0029	0.0095	0.0081
361_Teno_5178_2001	-0.0083	-0.0135	0.004	-0.0031	-0.0072	0.0174	0.0069	-0.0045	-0.0048	0.0034
362_Teno_5241_2001	-0.0107	-0.0117	-0.0104	0.0133	0.004	-0.0099	0.0035	-0.0008	-0.0002	-0.0007
363_Teno_5242_2001	-0.0059	-0.0179	-0.0013	0.0236	-0.0135	-0.0013	0.0009	0.0002	-0.0004	-0.0012
364_Teno_5244_2001	-0.0126	-0.0121	-0.0015	0.0042	-0.0015	0.0268	0.0075	0.0021	-0.0024	0.0
365_Teno_5248_2001	-0.0121	-0.0108	-0.0137	0.0089	0.0026	0.0035	-0.031	-0.0099	0.0033	0.0024
366_Teno_5249_2001	-0.0139	-0.0158	-0.0026	0.017	0.0003	-0.0034	-0.002	0.0003	-0.0033	-0.001
367_Teno_5250_2001	-0.0099	-0.0149	-0.0127	0.0244	0.0092	0.002	-0.0028	-0.0001	0.0022	0.0174
368_Teno_5251_2001	-0.0094	-0.0165	0.0011	-0.0022	0.0045	0.0037	-0.0013	0.0012	0.0009	0.0006
369_Teno_5253_2001	-0.0087	-0.0138	-0.0166	0.021	0.0048	0.0067	-0.0037	-0.0044	0.0021	0.0007
370_Teno_5322_2001	-0.0077	-0.0111	-0.0105	-0.0437	0.0055	-0.0026	-0.0083	-0.0002	-0.0015	0.0014
371_Teno_5325_2001	-0.0125	-0.0187	-0.0112	-0.0089	-0.0028	-0.0061	0.0085	0.0116	0.0054	-0.0041
372_Teno_5326_2001	-0.0138	-0.0129	-0.0124	-0.0423	-0.023	0.0013	0.0026	-0.0005	0.0002	0.0013
373_Teno_5329_2001	-0.0075	-0.0137	-0.0054	-0.0136	0.0184	0.013	0.0155	0.0109	0.002	-0.0082
374_Teno_5330_2001	-0.0075	-0.0105	-0.0068	0.0185	0.002	-0.0006	0.0178	0.0269	-0.0204	0.0023
375_Teno_5336_2001	-0.0138	-0.0113	0.0029	-0.0053	0.0093	-0.0114	0.0064	0.0087	0.0015	0.0003
376_Teno_5338_2001	-0.0144	-0.0085	0.0035	-0.0383	-0.0074	-0.0027	0.0039	-0.0014	0.0074	0.0004
377_Teno_5342_2001	-0.0181	-0.0141	-0.0024	-0.0144	0.002	-0.0274	-0.002	0.0009	-0.0007	0.0005
378_Teno_5343_2001	-0.0161	-0.0122	-0.0052	0.0094	0.0033	0.0105	-0.0007	0.0013	0.0057	-0.0003
379_Teno_5352_2001	-0.0121	-0.0182	-0.0062	-0.025	-0.0001	0.0059	0.0104	0.023	0.0059	0.0045
380_Teno_5353_2001	-0.0122	-0.0142	-0.0115	-0.0318	-0.0067	-0.0089	0.0014	-0.0024	0.0001	-0.0
381_Teno_5356_2001	-0.0174	-0.0116	-0.0085	-0.0032	0.002	-0.0059	0.0037	-0.0107	0.0324	0.0349
382_Teno_5366_2001	-0.0143	-0.0111	-0.0114	-0.0122	-0.0172	-0.0059	-0.0043	-0.0002	0.0021	0.0006
383_Teno_5367_2001	-0.0141	-0.0129	-0.0126	-0.0405	-0.0047	-0.0108	-0.0132	0.0057	-0.0017	0.0
384_Teno_5692_2001	-0.0123	-0.0129	-0.0018	0.0237	0.01	0.0137	0.0023	0.0037	0.0027	-0.0009
385_Teno_5695_2001	-0.0122	-0.0079	-0.0013	0.006	0.0015	-0.0039	-0.008	-0.0012	0.0031	0.0079
386_Teno_5698_2001	-0.0099	-0.0066	-0.0025	0.0229	0.0045	0.0084	0.0028	-0.0067	-0.0016	-0.0028
387_Teno_5699_2001	-0.0101	-0.0142	0.0032	0.0205	0.0176	0.0069	-0.0119	0.0041	0.0005	-0.0002
388_Teno_5702_2001	-0.013	-0.0101	-0.0102	0.0043	0.0081	0.0019	-0.0036	0.0191	-0.0015	0.0
389_Teno_5705_2001	-0.0098	-0.0174	-0.0118	0.0242	0.003	-0.0046	-0.0053	0.0078	-0.0039	0.0005
390_Teno_5709_2001	-0.0126	-0.004	-0.0077	0.0221	-0.0129	-0.0056	0.0039	0.0048	0.0033	0.0007
391_Teno_5797_2001	-0.0145	-0.0116	-0.0107	-0.0132	0.0047	0.0016	-0.0013	0.0053	0.0008	-0.0032
392_Teno_5800_2001	-0.0128	-0.0092	-0.0163	0.0249	-0.0044	0.0078	0.0159	0.0052	0.0016	0.0002
393_Teno_5803_2001	-0.0081	-0.0142	-0.0102	0.0228	-0.0004	-0.0089	-0.0011	0.007	0.0069	-0.016
394_Teno_5805_2001	-0.015	-0.0152	-0.0085	-0.0373	-0.0087	-0.0048	0.0097	0.0034	0.0053	-0.0003
395_Teno_5809_2001	-0.0125	-0.0133	-0.0134	0.0153	0.0095	0.0001	0.0066	0.0006	-0.0014	-0.0022
396_Teno_5820_2001	-0.0137	-0.0127	-0.0014	-0.001	-0.0099	0.0136	0.0066	-0.0	0.0005	0.0009
397_Teno_5832_2001	-0.012	-0.0101	0.0008	-0.0116	0.0032	-0.0011	0.0202	-0.0012	0.0031	-0.0021
398_Teno_5835_2001	-0.0153	-0.0145	0.0056	-0.0276	-0.0124	-0.0053	-0.005	0.0061	-0.0009	-0.0006
399_Teno_5841_2001	-0.0111	-0.0133	-0.0021	-0.0261	0.0171	0.0087	0.0078	-0.0002	0.0024	0.0036
400_Teno_5842_2001	-0.014	-0.0099	-0.0017	0.0081	-0.0102	-0.0009	0.0	0.0051	-0.001	-0.0039
401_Teno_5843_2001	-0.0044	-0.006	-0.0073	0.0328	0.0013	-0.0113	0.0058	-0.0	-0.0001	-0.0008
402_Teno_5844_2001	-0.0029	-0.0149	-0.0043	0.0374	-0.0132	-0.0014	-0.0003	0.0083	0.0002	-0.0018
403_Teno_5847_2001	-0.0086	-0.0085	0.0044	0.0104	-0.0023	0.0087	-0.0059	0.0004	0.0001	-0.0062
404_Teno_5858_2001	-0.0114	-0.015	0.0022	0.0122	0.0026	0.0014	0.0036	-0.003	-0.0042	-0.0021
405_Teno_5859_2001	-0.0135	-0.0112	-0.0198	0.0034	-0.0211	0.0001	-0.002	-0.0129	0.0087	-0.0137
406_Teno_5875_2001	-0.012	-0.0125	-0.0122	0.0071	-0.0008	-0.0015	-0.0044	0.0003	0.0036	0.0096
407_Teno_5895_2001	-0.0169	-0.0093	-0.0029	-0.0535	0.0084	-0.0097	-0.005	0.0138	-0.0147	0.059
408_Teno_5897_2001	-0.0155	-0.0068	-0.014	0.0326	0.006	0.0006	-0.0012	-0.0014	-0.0039	0.0015
409_Teno_5898_2001	-0.0121	-0.0072	-0.0084	0.0142	0.02	0.0077	0.0027	-0.0174	-0.0047	0.0007
410_Teno_5902_2001	-0.0142	-0.0175	-0.0082	-0.0356	-0.0008	-0.0041	-0.0083	0.0052	-0.0109	-0.0011
411_Teno_5903_2001	-0.0142	-0.0169	-0.0013	0.0253	0.0063	-0.0123	-0.0022	-0.0024	-0.0031	-0.004
412_Teno_5907_2001	-0.0161	-0.0169	-0.007	0.0114	0.0049	0.0114	-0.0043	0.0006	-0.0007	0.0
413_Teno_5921_2001	-0.0129	-0.0134	-0.0092	-0.0013	0.0049	0.0022	-0.0038	-0.0082	0.0021	0.0005
414_Teno_5924_2001	-0.0104	-0.0124	0.0041	0.0223	-0.0058	0.0049	0.0078	-0.0031	-0.0002	-0.0004
415_Teno_5926_2001	-0.0128	-0.0036	-0.0074	-0.0142	-0.0028	-0.0053	0.008	0.0014	-0.0004	-0.0021
416_Teno_5927_2001	-0.0144	-0.0087	0.0023	0.0175	0.0152	0.0058	-0.0044	0.0112	-0.0002	0.0207
417_Teno_5931_2001	-0.0149	-0.0187	-0.0107	0.014	0.0169	-0.0087	0.016	-0.0028	-0.0039	-0.0057
418_Teno_5933_2001	-0.0066	-0.016	0.004	-0.0021	-0.0223	-0.0002	0.0204	0.0135	-0.0018	0.0034
419_Teno_5934_2001	-0.0157	-0.0099	0.0005	-0.0371	0.0098	0.0012	-0.0005	0.0075	0.0018	-0.0016
420_Teno_5937_2001	-0.0065	-0.0129	-0.0049	-0.0206	0.0012	-0.0106	-0.0011	0.0047	-0.0012	0.0001
421_Teno_5939_2001	-0.009	-0.0172	-0.0047	0.0154	0.0062	0.0032	-0.0047	0.0001	0.0017	-0.0022
422_Teno_5943_2001	-0.012	-0.0091	0.0058	-0.005	-0.0026	0.0054	-0.001	-0.0048	-0.0014	0.0042
423_Teno_5944_2001	-0.0112	-0.0141	-0.0042	0.0083	-0.0029	0.006	0.0126	-0.0036	0.0051	-0.0043
424_Teno_5945_2001	-0.0126	-0.0082	-0.0109	0.0054	0.0019	-0.0008	-0.0001	0.0056	-0.0013	0.0025
425_Teno_5948_2001	-0.0141	-0.0154	-0.0005	0.0167	-0.0057	-0.0028	-0.0018	-0.0053	-0.0028	0.0008
426_Teno_5952_2001	-0.0133	-0.0182	0.0009	-0.0094	0.031	-0.0143	0.0109	0.0229	-0.0013	-0.0049
427_Teno_5953_2001	-0.0093	-0.0081	0.0002	-0.013	0.0003	0.0041	-0.0011	-0.0017	0.0007	-0.0061
428_Teno_5956_2001	-0.0061	-0.01	-0.0017	-0.0045	-0.0157	-0.0026	0.0095	0.0098	-0.0045	0.0028
429_Teno_5957_2001	-0.0089	-0.0129	-0.0063	0.0092	0.0126	0.0	-0.0049	0.0034	-0.0	0.0012
430_Teno_5958_2001	-0.011	-0.0148	-0.004	0.0178	0.0059	0.0057	0.0082	-0.0017	0.0007	-0.0024
431_Teno_5959_2001	-0.0149	-0.0136	0.0045	0.0059	-0.0015	0.0031	-0.006	0.0009	0.0006	-0.0003
432_Teno_5961_2001	-0.0029	-0.0092	0.0029	0.0345	0.0146	-0.0078	0.0002	-0.0049	-0.0025	-0.0011
433_Teno_5965_2001	-0.0078	-0.0089	-0.0097	0.0314	0.0051	-0.0102	-0.002	0.0	-0.0004	-0.0021
434_Teno_5966_2001	-0.0106	-0.0196	-0.0156	0.0272	-0.0004	0.0006	-0.0011	-0.0037	-0.0006	0.0015
435_Teno_5967_2001	-0.0126	-0.0026	-0.006	0.0196	0.021	-0.0078	0.0028	-0.0039	-0.0017	-0.0003
436_Teno_5971_2001	-0.0084	-0.0104	-0.0017	-0.0432	0.0058	-0.0128	-0.0142	0.0052	-0.0085	-0.0114
437_Teno_5974_2001	-0.0111	-0.0192	-0.0008	-0.0326	-0.0057	0.0018	-0.0199	-0.0299	-0.0351	-0.0466
438_Teno_5976_2001	-0.021	-0.0168	-0.0097	-0.0366	-0.0038	0.0014	-0.0181	-0.0003	0.0001	-0.0003
439_Teno_5978_2001	-0.0109	-0.0121	0.0001	-0.0109	0.0272	0.0083	0.0085	0.0002	-0.0021	0.0029
440_Teno_5982_2001	-0.0121	-0.008	-0.0124	0.0207	-0.0022	-0.0143	-0.0004	0.0006	-0.0011	0.0014
441_Teno_5985_2001	-0.0119	-0.0118	-0.0053	-0.032	-0.0032	-0.0	-0.0037	0.0038	-0.0002	-0.0001
442_Teno_5988_2001	-0.013	-0.0075	-0.0023	-0.0131	0.0023	-0.0034	0.0076	0.0067	0.0004	0.0084
443_Teno_5989_2001	-0.0114	-0.014	-0.0021	0.0008	0.0034	-0.0034	0.0041	-0.0109	-0.0058	-0.0033
444_Teno_5990_2001	-0.0158	-0.0201	-0.0076	-0.0333	0.0005	-0.0141	-0.0218	-0.0005	-0.0009	0.0005
445_Teno_5991_2001	-0.0136	-0.011	0.0019	0.0291	0.0117	-0.0092	-0.0044	-0.0013	-0.0007	0.0013
446_Teno_5992_2001	-0.0098	-0.0136	-0.0066	0.0372	0.0059	-0.0035	0.0055	0.0054	0.004	-0.0051
447_Teno_5994_2001	-0.0081	-0.013	-0.0037	0.0244	-0.0028	0.0007	0.0044	-0.0014	0.0006	-0.0009
448_Teno_5997_2001	-0.0062	-0.0088	0.0069	-0.0186	-0.0166	0.0021	0.0015	-0.0038	-0.001	0.0082
449_Teno_6003_2001	-0.0079	-0.0093	0.0017	0.0109	-0.0211	-0.0031	0.0002	-0.0	-0.0006	0.0018
450_Teno_6006_2001	-0.0112	-0.0084	-0.0063	0.0044	0.0078	0.0003	0.0018	0.0042	-0.0049	-0.0314
451_Teno_6007_2001	-0.0112	-0.0127	-0.0061	0.0142	-0.0076	-0.0008	0.0027	0.003	0.0038	0.0041
452_Teno_6012_2001	-0.0116	-0.0091	0.0029	-0.0189	-0.0016	0.005	0.0122	0.0035	-0.0052	-0.0067
453_Teno_6013_2001	-0.0166	-0.0128	-0.0046	0.0213	-0.0001	-0.0012	-0.0031	0.0001	-0.0143	0.0037
454_Teno_6015_2001	-0.0064	-0.0161	-0.0003	0.0265	-0.003	0.0024	-0.0048	0.0041	-0.0004	0.0037
455_Teno_6019_2001	-0.0126	-0.0138	-0.0003	0.0169	0.0185	0.0054	0.0073	0.0046	-0.0237	0.0048
456_Teno_6024_2001	-0.015	-0.0176	-0.0091	0.0149	-0.0009	0.0062	0.0076	-0.0003	0.0004	0.0011
457_Teno_6025_2001	-0.001	-0.0152	0.0005	0.0001	0.0092	-0.0127	0.005	0.0085	0.0071	0.0025
458_Teno_6037_2001	-0.0148	-0.0155	0.0035	-0.0111	-0.007	-0.0088	-0.0026	0.0009	0.0062	0.0019
459_Teno_6058_2001	-0.0082	-0.0169	-0.0039	0.0202	-0.0024	-0.0064	-0.0208	-0.0034	-0.0016	-0.0011
460_Teno_6062_2001	-0.0161	-0.0085	-0.0037	0.023	0.0045	0.004	-0.0111	-0.0014	-0.0001	0.0027
461_Teno_6064_2001	-0.0209	-0.0097	-0.0072	-0.0411	-0.0215	0.0057	-0.0119	-0.0049	0.0005	0.0017
462_Teno_6065_2001	-0.0112	-0.0113	-0.0112	0.0287	0.0081	-0.0001	-0.0025	-0.0025	0.0003	-0.0008
463_Teno_6066_2001	-0.0106	-0.022	-0.0079	0.0225	0.0068	0.0045	0.0002	0.0018	0.0044	-0.0079
464_Teno_6069_2001	-0.0146	-0.0105	-0.0158	0.0355	0.0097	-0.0091	0.0013	-0.0012	0.0008	-0.0003
465_Teno_6074_2001	-0.0064	-0.0112	0.002	0.0027	0.0027	-0.0068	0.0137	-0.0001	-0.0002	0.0043
466_Teno_6076_2001	-0.0099	-0.0083	0.0029	0.0102	0.0093	-0.0103	-0.0017	0.0003	-0.002	-0.0004
467_Teno_6094_2001	-0.0141	-0.0135	0.0085	0.0007	-0.0061	0.0009	0.0023	-0.0064	-0.0106	0.0068
468_Teno_6095_2001	-0.0137	-0.022	-0.0013	-0.031	-0.014	0.0105	-0.0036	0.0027	-0.0003	-0.0002
469_Teno_6096_2001	-0.0143	-0.0152	-0.0087	0.009	-0.0039	-0.0139	0.0078	-0.0008	0.0	0.0
470_Teno_6102_2001	-0.0132	-0.0101	-0.0043	0.0185	0.0199	0.0057	0.0003	-0.0008	0.001	0.0024
471_Teno_6103_2001	-0.0146	-0.0104	-0.0049	0.0121	0.0	0.0086	0.0077	-0.0097	0.0133	-0.0045
472_Teno_6107_2001	-0.0124	-0.012	0.0004	0.0159	0.0128	-0.0038	0.0056	-0.0007	-0.0075	-0.0091
473_Teno_6108_2001	-0.006	-0.0101	-0.0069	0.0079	-0.0138	0.0081	0.0055	-0.0024	-0.0011	-0.0012
474_Teno_6110_2001	-0.011	-0.0121	-0.0063	-0.0359	-0.0226	-0.008	-0.0057	-0.003	0.0006	-0.0031
475_Teno_6129_2001	-0.0129	-0.0098	-0.0069	0.0089	0.0064	-0.0007	0.0062	-0.0057	0.0007	0.0015
476_Teno_6170_2001	-0.0057	-0.0166	-0.0088	-0.017	-0.0068	-0.0111	0.0045	0.0035	-0.0001	-0.0017
477_Teno_6213_2001	-0.007	-0.0061	-0.0153	0.0345	-0.0034	0.0039	0.005	-0.008	0.0011	0.0017
478_Teno_6230_2001	-0.0082	-0.0228	-0.0115	-0.0392	-0.0066	-0.0039	0.0087	-0.0051	-0.0013	-0.0021
479_Teno_6282_2001	-0.0176	-0.0123	-0.0048	-0.0415	0.0173	0.0079	-0.009	0.0003	-0.0025	0.0003
480_Teno_6283_2001	-0.0092	-0.0092	-0.0081	0.0227	-0.0026	-0.0021	0.0075	-0.0134	0.001	-0.0024
481_Teno_1996_2002	-0.0035	-0.0143	-0.0034	0.0279	-0.0026	-0.0141	-0.0121	0.0075	-0.0091	-0.0
482_Teno_1999_2002	-0.0072	-0.0106	-0.013	0.0171	0.0073	0.0016	0.0014	-0.0002	-0.0006	-0.0014
483_Teno_2397_2002	-0.0128	-0.0156	-0.0106	-0.0403	-0.02	-0.0031	0.0032	0.0081	-0.0015	0.0034
484_Teno_2448_2002	-0.0062	-0.0159	0.0001	-0.0363	-0.0017	0.0041	0.0069	-0.0048	-0.0246	-0.0252
485_Teno_2548_2002	-0.0071	-0.0163	-0.0085	0.0189	0.002	-0.0074	0.0068	-0.0089	-0.0049	0.0021
486_Teno_2552_2002	-0.0058	-0.0087	-0.0121	-0.0429	0.0001	-0.0066	0.0023	-0.0012	0.0022	-0.0012
487_Teno_2553_2002	-0.0124	-0.0199	-0.0134	0.0163	0.0002	0.0005	-0.0028	-0.0	0.0003	0.0003
488_Teno_2646_2002	-0.0065	-0.0152	0.009	0.0034	0.0133	-0.0043	-0.0018	0.0006	0.0019	0.0014
489_Teno_2647_2002	-0.0077	-0.0094	-0.0017	0.015	0.0094	-0.0004	0.0033	-0.0	-0.0005	0.0019
490_Teno_2649_2002	-0.0105	-0.0099	-0.0132	0.0166	0.0076	0.0052	-0.0043	0.0016	-0.0001	-0.0013
491_Teno_2655_2002	-0.0058	-0.0141	0.0056	0.0372	0.0144	-0.0018	0.0178	0.0702	-0.0145	-0.0202
492_Teno_2656_2002	-0.0116	-0.0087	-0.0093	0.0114	0.0207	-0.0088	0.004	0.0131	0.0057	-0.0
493_Teno_2657_2002	-0.015	-0.0122	0.0016	0.036	-0.0102	0.0202	-0.0075	0.0108	-0.0061	-0.011
494_Teno_2658_2002	-0.0119	-0.0122	-0.0078	0.0145	0.0054	-0.0111	0.0059	-0.0141	-0.0066	0.006
495_Teno_2693_2002	-0.0072	-0.0047	-0.0102	0.0104	-0.0136	0.0024	-0.018	-0.0042	-0.0079	-0.008
496_Teno_2697_2002	-0.0117	-0.0135	-0.0108	0.013	-0.0149	-0.0022	-0.0021	0.0005	-0.0001	0.0001
497_Teno_2702_2002	-0.0109	-0.01	-0.0115	0.0126	0.0104	0.0063	0.0101	-0.0036	-0.0041	0.0011
498_Teno_2703_2002	-0.0105	-0.0122	-0.0142	-0.0307	0.0109	-0.0018	-0.0008	-0.0001	0.0001	0.0036
499_Teno_2704_2002	-0.0125	-0.0124	-0.0125	-0.02	0.0068	-0.0019	-0.0046	-0.0051	0.002	0.0054
500_Teno_2705_2002	-0.0077	-0.0128	-0.0056	0.0017	-0.0046	0.0015	-0.0007	-0.0017	-0.0001	-0.002
501_Teno_2708_2002	-0.0082	-0.0115	-0.0063	0.0313	0.0004	-0.0058	-0.0072	0.0085	0.0016	0.0051
502_Teno_2711_2002	-0.0138	-0.0177	0.0033	0.0081	-0.0043	-0.0029	0.0001	-0.0022	0.0069	-0.0024
503_Teno_2714_2002	-0.0126	-0.0154	0.0044	-0.0412	-0.0129	-0.0004	0.0047	-0.013	0.0051	0.0331
504_Teno_2716_2002	-0.0105	-0.0215	0.0085	-0.004	0.0013	-0.0017	0.0024	0.0069	-0.0006	-0.0008
505_Teno_2718_2002	-0.0062	-0.0114	-0.0095	0.0103	0.0062	-0.0025	0.013	-0.0157	0.0048	-0.0143
506_Teno_2719_2002	-0.0148	-0.0144	-0.0096	0.026	0.0078	0.0076	0.0138	0.0034	0.0014	-0.0016
507_Teno_2723_2002	-0.0154	-0.0104	-0.0121	0.0286	-0.0006	-0.0112	0.0026	-0.0016	-0.0126	-0.006
508_Teno_2742_2002	-0.0139	-0.0123	-0.0017	-0.0148	0.009	-0.001	0.0177	0.0075	-0.0012	0.0007
509_Teno_2744_2002	-0.0128	-0.0137	0.007	0.0029	-0.0022	0.0134	0.0006	0.0114	-0.0146	0.0073
510_Teno_2748_2002	-0.0157	-0.0181	-0.009	-0.0326	0.0136	-0.0147	0.0023	0.0035	-0.0017	0.0021
511_Teno_2928_2002	-0.0148	-0.0155	-0.0014	-0.0127	0.0004	0.0013	0.0054	0.002	-0.0001	0.012
512_Teno_2931_2002	-0.0174	-0.0101	-0.0037	0.0193	-0.002	-0.0058	-0.0024	0.0038	-0.0047	-0.0219
513_Teno_2960_2002	-0.0106	-0.0168	-0.0148	0.0328	0.0163	0.0005	-0.0055	0.0124	-0.0055	0.0016
514_Teno_2973_2002	-0.013	-0.0104	0.0089	-0.0485	-0.0103	-0.0181	-0.001	0.0011	0.0001	-0.0006
515_Teno_2975_2002	-0.0093	-0.0124	-0.0044	0.0035	0.0193	-0.0087	0.0142	0.0106	0.0016	-0.0033
516_Teno_3170_2002	-0.014	-0.014	-0.0162	0.0142	-0.003	-0.0054	0.0047	0.0056	0.0031	-0.0022
517_Teno_3173_2002	-0.009	-0.0126	-0.0125	0.0199	-0.0052	-0.0003	-0.0012	-0.0005	-0.0004	0.0008
518_Teno_3343_2002	-0.0157	-0.0152	-0.0193	0.021	0.009	-0.0013	0.0186	-0.0049	0.0001	0.0039
519_Teno_3434_2002	-0.013	-0.021	0.0003	0.0159	-0.0045	-0.0082	-0.0186	-0.0251	0.0224	0.005
520_Teno_3439_2002	-0.0139	-0.014	-0.0118	0.0196	0.0024	-0.002	-0.001	0.0016	-0.0016	-0.0007
521_Teno_3440_2002	-0.0146	-0.0127	-0.0153	0.0159	-0.0137	0.0064	0.0013	-0.0039	0.0001	-0.0011
522_Teno_3441_2002	-0.017	-0.0143	0.0025	0.0321	-0.0072	-0.0217	-0.0107	0.007	-0.0004	-0.0006
523_Teno_3442_2002	-0.0157	-0.0141	-0.0002	0.0264	0.0099	0.0027	-0.0043	-0.0035	-0.0008	0.0003
524_Teno_3444_2002	-0.0116	-0.016	-0.013	0.0262	0.0136	-0.002	-0.0013	-0.0048	0.0024	-0.0042
525_Teno_3445_2002	-0.0131	-0.0151	-0.0073	0.0189	-0.0046	-0.0045	0.0206	-0.0013	0.0035	-0.0021
526_Teno_3449_2002	-0.007	-0.015	-0.0053	-0.0389	0.0016	0.0015	-0.0072	-0.0039	-0.0028	-0.0044
527_Teno_3451_2002	-0.0147	-0.0152	0.0072	0.0258	-0.0003	-0.0024	-0.0048	-0.0069	0.0009	-0.0041
528_Teno_3453_2002	-0.0153	-0.0151	-0.0083	0.0149	0.0033	0.0048	-0.0046	-0.0003	0.0022	-0.0
529_Teno_3455_2002	-0.0175	-0.0131	-0.0125	0.0261	-0.0013	-0.016	-0.0103	0.0037	0.0088	-0.0006
530_Teno_3457_2002	-0.0089	-0.0064	-0.0081	0.0424	-0.0113	0.0012	-0.0179	-0.0147	0.0235	0.0332
531_Teno_3459_2002	-0.0114	-0.0147	0.0041	-0.0007	-0.0239	0.0013	0.0066	-0.0031	0.0036	-0.0015
532_Teno_3468_2002	-0.0124	-0.0142	0.0008	0.0141	0.0053	0.0077	-0.0056	0.0043	-0.0028	0.0003
533_Teno_3469_2002	-0.0141	-0.0134	-0.005	0.0167	-0.0069	-0.0026	-0.008	-0.0031	-0.0004	0.0009
534_Teno_3470_2002	-0.0093	-0.0114	0.0005	0.0206	0.0148	-0.0107	0.0029	0.0015	-0.0006	0.0009
535_Teno_3471_2002	-0.0105	-0.0108	-0.0106	0.0209	-0.0032	-0.0071	0.0032	-0.0029	-0.0027	-0.0005
536_Teno_3477_2002	-0.01	-0.0106	-0.0019	0.0202	-0.004	-0.0063	-0.0074	-0.0008	-0.0002	-0.0008
537_Teno_3478_2002	-0.0085	-0.0124	-0.005	0.0259	0.0041	-0.0065	-0.0134	0.0122	-0.0015	-0.0007
538_Teno_3479_2002	-0.0084	-0.0132	-0.0054	0.0069	0.0004	-0.0032	0.0028	-0.0008	0.0012	0.001
539_Teno_3480_2002	-0.0131	-0.0103	-0.0067	0.0128	-0.0015	0.0033	0.0004	-0.0013	0.0009	0.0018
540_Teno_3486_2002	-0.0087	-0.0136	-0.0067	0.0284	0.0029	0.0143	0.001	-0.0009	0.0015	-0.0071
541_Teno_3490_2002	-0.0116	-0.0169	-0.0083	0.0293	0.0059	0.0026	0.0002	-0.0074	-0.0002	0.0
542_Teno_3492_2002	-0.0135	-0.0138	0.0022	0.0475	0.0093	-0.0192	-0.01	0.0051	-0.0008	0.001
543_Teno_3493_2002	-0.0122	-0.013	-0.0031	-0.0007	-0.0041	-0.0178	0.0	-0.0001	-0.004	-0.0003
544_Teno_3502_2002	-0.0017	0.0019	0.0024	-0.0046	-0.0037	-0.0018	-0.0034	-0.0006	-0.0016	-0.0059
545_Teno_3506_2002	-0.0109	-0.0158	-0.0108	0.004	0.0082	-0.0043	0.0067	0.0201	-0.0158	0.0051
546_Teno_3508_2002	-0.0132	-0.009	-0.0033	-0.0265	0.0062	-0.0054	-0.0039	0.0044	-0.0026	0.0016
547_Teno_3510_2002	-0.0075	-0.0132	0.0058	0.0277	-0.0066	0.0031	-0.0016	0.002	0.0123	0.004
548_Teno_3511_2002	-0.0157	-0.0124	0.0033	-0.0154	-0.0079	-0.0042	0.0034	0.0001	0.0025	-0.0043
549_Teno_3512_2002	-0.0089	-0.0118	-0.0076	0.0043	0.0051	0.0109	-0.0031	-0.003	-0.0063	0.0027
550_Teno_3520_2002	-0.0113	-0.0148	-0.0042	-0.055	-0.0086	-0.0142	-0.0075	0.0071	0.0033	0.0029
551_Teno_3526_2002	-0.0115	-0.0039	-0.0068	0.0214	-0.0113	0.0006	-0.0016	-0.0003	0.0	-0.006
552_Teno_3528_2002	-0.0129	-0.0116	-0.0014	0.0237	0.0065	-0.0107	0.0029	0.0043	0.0002	-0.0022
553_Teno_3533_2002	-0.009	-0.0098	-0.0092	0.0066	-0.0037	-0.0013	0.0086	0.0041	0.0055	0.0016
554_Teno_3537_2002	-0.0074	-0.0151	-0.0055	0.0237	-0.0199	0.0012	-0.0016	0.0008	-0.0006	-0.0
555_Teno_3538_2002	-0.0114	-0.0128	-0.0053	0.0261	0.0158	-0.0017	0.0009	0.0024	-0.0007	-0.0019
556_Teno_3725_2002	-0.0163	-0.0075	-0.0273	-0.0289	-0.0099	0.0111	-0.0114	0.0024	-0.0026	-0.0011
557_Teno_3732_2002	-0.0109	-0.0164	0.0043	-0.002	-0.0012	0.0061	0.0031	-0.0034	-0.0098	0.0057
558_Teno_3733_2002	-0.0138	-0.01	-0.0098	0.0174	-0.0023	-0.0083	-0.0019	0.0116	0.0302	-0.0192
559_Teno_3734_2002	-0.0146	-0.0127	-0.0017	0.0026	0.0161	0.0076	0.0004	-0.0026	-0.0005	0.0
560_Teno_3739_2002	-0.0114	-0.0108	-0.0213	0.0217	0.0046	-0.0091	0.0133	-0.0006	-0.011	-0.0018
561_Teno_3740_2002	-0.0113	-0.0119	0.002	0.0134	-0.0066	-0.0175	0.0039	-0.0014	0.001	0.002
562_Teno_3741_2002	-0.0141	-0.0121	-0.004	0.0159	0.0107	-0.0083	0.003	-0.0071	0.0049	0.0007
563_Teno_3743_2002	-0.013	-0.0147	0.0015	0.0262	0.0125	-0.0023	0.0174	0.0013	-0.0039	0.0
564_Teno_3747_2002	-0.0081	-0.0138	0.0006	-0.0036	0.0007	-0.0005	-0.0066	-0.0047	0.0003	0.0022
565_Teno_3748_2002	-0.006	-0.0064	-0.0016	-0.0094	0.0084	0.0125	-0.001	-0.003	-0.0035	0.0001
566_Teno_3813_2002	-0.0105	-0.0045	-0.0055	0.0171	-0.0125	0.0076	-0.0044	-0.0058	0.0189	-0.0083
567_Teno_3816_2002	-0.0128	-0.0113	-0.0022	0.0114	-0.019	0.0058	0.001	-0.0033	0.0009	0.0033
568_Teno_3821_2002	-0.0148	-0.0165	0.0004	0.022	-0.0112	0.0032	0.0068	-0.0101	-0.0036	-0.0084
569_Teno_3822_2002	-0.0197	-0.0141	-0.0099	0.0215	0.0104	-0.0016	-0.0134	-0.0028	-0.0011	0.0003
570_Teno_3930_2002	-0.0095	-0.0113	0.0054	0.0112	0.007	0.0112	0.0014	-0.0042	-0.0007	-0.0047
571_Teno_3931_2002	-0.0062	-0.008	-0.0093	0.0073	-0.0042	-0.0032	-0.0008	-0.0103	0.0219	-0.013
572_Teno_3938_2002	-0.0127	-0.0087	-0.0055	0.0231	-0.005	0.0017	-0.001	0.001	0.0023	-0.0045
573_Teno_3941_2002	-0.0161	-0.0115	-0.0096	0.0179	-0.0003	0.0115	0.001	-0.0015	-0.0016	0.0002
574_Teno_3980_2002	-0.0124	-0.0113	0.0001	0.0031	0.0024	0.0	0.0143	-0.008	0.0011	-0.0028
575_Teno_3982_2002	-0.0098	-0.0129	-0.0048	0.0248	-0.0018	-0.0003	-0.0055	-0.0032	-0.0044	0.0004
576_Teno_3984_2002	-0.0139	-0.0146	-0.007	0.016	0.0084	0.0051	-0.0055	-0.0042	-0.002	0.0005
577_Teno_3989_2002	-0.0067	-0.0142	-0.0042	0.0222	0.0101	-0.0001	-0.0221	-0.0044	0.0089	0.0007
578_Teno_3990_2002	-0.0047	-0.0145	-0.0047	0.0194	0.0042	0.0156	0.0061	-0.0027	0.0002	0.0005
579_Teno_3993_2002	-0.0134	-0.0146	-0.0139	0.0242	0.0093	0.0141	0.0008	-0.0113	-0.0033	-0.0041
580_Teno_3994_2002	-0.0065	-0.006	-0.0027	-0.014	0.0019	-0.0043	-0.0069	-0.006	-0.0029	-0.0009
581_Teno_3996_2002	-0.0103	-0.0155	-0.0068	0.0413	0.0064	0.0021	-0.0036	-0.0027	0.0006	-0.0003
582_Teno_4001_2002	-0.0147	-0.0084	-0.0046	0.0267	-0.0027	-0.0117	0.0175	-0.0089	-0.0014	-0.0002
583_Teno_4124_2002	-0.014	-0.0168	-0.0131	-0.0414	-0.0093	0.0001	-0.003	0.0027	-0.0017	-0.0007
584_Teno_4134_2002	-0.0155	-0.0146	-0.0073	0.0202	-0.0142	0.0175	0.0014	-0.0076	-0.0004	-0.0
585_Teno_4135_2002	-0.0172	-0.0159	-0.0217	0.0278	-0.0035	-0.001	0.0036	0.0047	0.0035	-0.0003
586_Teno_4144_2002	-0.0079	-0.0105	-0.0037	0.024	0.0036	-0.006	0.0014	0.0047	0.0	0.0001
587_Teno_4146_2002	-0.0121	-0.0066	-0.0104	0.0092	0.0127	-0.0022	0.0056	0.0021	0.0005	0.0002
588_Teno_4160_2002	-0.0133	-0.0097	-0.0061	0.0217	-0.0045	-0.0076	0.0109	-0.01	-0.0004	-0.0015
589_Teno_4191_2002	-0.0113	-0.012	-0.0135	-0.0108	0.0091	0.0076	0.006	0.0096	0.0002	-0.0006
590_Teno_4233_2002	-0.0058	-0.0114	-0.0059	0.0073	0.005	-0.001	-0.0074	-0.0039	-0.002	-0.0009
591_Teno_4235_2002	-0.0131	-0.0139	-0.0114	-0.0311	0.0063	0.0023	0.0039	-0.0498	-0.0071	0.0074
592_Teno_4236_2002	-0.0082	-0.0103	-0.0071	-0.0402	-0.0117	-0.0016	0.0033	0.0001	-0.0031	-0.0083
593_Teno_4243_2002	-0.0081	-0.0121	0.0085	-0.0392	-0.0095	0.0033	-0.0001	-0.0028	-0.0004	-0.0009
594_Teno_4244_2002	-0.0114	-0.0173	0.003	-0.0078	0.0018	-0.0048	0.0066	0.0444	-0.109	-0.0124
595_Teno_4288_2002	-0.0083	-0.0125	-0.0126	0.014	-0.0024	0.004	0.0036	0.0065	-0.0071	0.0027
596_Teno_4290_2002	-0.0119	-0.0066	-0.0237	0.0058	-0.0051	-0.0033	-0.0023	-0.0016	0.0005	0.0003
597_Teno_4294_2002	-0.007	-0.012	-0.0116	0.0244	-0.0052	-0.0087	0.0008	-0.0134	-0.0017	0.0016
598_Teno_4300_2002	-0.0179	-0.0107	0.0006	0.0066	-0.0022	-0.0044	0.0056	0.0051	0.0001	-0.0026
599_Teno_4313_2002	-0.0121	-0.007	-0.008	0.0084	0.006	-0.0012	0.0032	0.0012	-0.0012	0.0069
600_Teno_4318_2002	-0.0117	-0.0097	0.0008	0.024	0.017	0.0071	0.005	0.0053	0.0028	-0.0006
601_Teno_4337_2002	-0.01	-0.0141	-0.0012	-0.0283	0.0117	-0.0058	-0.0024	0.0038	0.0044	-0.0002
602_Teno_4342_2002	-0.0138	-0.0101	-0.0072	0.0206	0.0168	-0.0049	-0.0121	-0.0026	-0.0001	-0.0015
603_Teno_4367_2002	-0.0106	-0.0085	-0.015	0.0121	0.0088	-0.0077	0.0036	-0.011	-0.0207	-0.0064
604_Teno_4410_2002	-0.0112	-0.0119	-0.0028	0.0338	-0.0073	0.0084	-0.0107	-0.0289	-0.006	0.0026
605_Teno_4417_2002	-0.0091	-0.0128	-0.0036	-0.0436	-0.0063	-0.0016	0.0008	-0.0019	-0.0036	0.0
606_Teno_4425_2002	-0.0107	-0.0124	-0.0001	-0.0175	-0.0038	0.0035	0.007	0.0014	-0.0018	0.0002
607_Teno_4432_2002	-0.0098	-0.011	-0.0062	-0.0123	-0.0017	-0.0031	0.002	-0.0015	-0.0013	0.0002
608_Teno_4443_2002	-0.0137	-0.0148	-0.0053	-0.0355	0.001	-0.0085	0.004	0.0053	-0.0209	-0.0044
609_Teno_4444_2002	-0.0134	-0.0102	-0.0108	-0.0262	-0.014	-0.006	0.0031	-0.0008	0.012	-0.0044
610_Teno_4451_2002	-0.0127	-0.0151	0.0011	-0.0182	0.0072	-0.0197	-0.0067	0.009	-0.0154	-0.0006
611_Teno_4453_2002	-0.0156	-0.0127	-0.005	-0.0084	0.0072	-0.0036	0.0091	0.0062	-0.0007	0.0004
612_Teno_4461_2002	-0.0141	-0.0101	-0.0131	-0.0291	-0.0069	0.0004	-0.0008	-0.0016	-0.0003	-0.0012
613_Teno_4468_2002	-0.0141	-0.0077	-0.0024	-0.009	0.0164	0.006	-0.0158	0.0055	-0.0097	-0.0018
614_Teno_4475_2002	-0.0112	-0.0139	0.0024	-0.0319	-0.0109	0.0031	-0.0053	-0.012	-0.0051	-0.0023
615_Teno_4477_2002	-0.0144	-0.0126	-0.0062	0.0154	0.0061	-0.0079	0.0031	-0.0033	0.0006	0.0007
616_Teno_4478_2002	-0.0138	-0.008	0.0033	-0.0405	-0.005	-0.0084	0.0103	0.0192	0.0001	-0.0035
617_Teno_4479_2002	-0.0035	-0.0208	-0.0033	-0.0354	0.0167	0.0102	-0.0009	-0.0015	-0.0034	0.0003
618_Teno_4485_2002	-0.0105	-0.0182	-0.003	0.0335	-0.0061	0.0012	-0.0166	-0.0022	-0.0002	0.0008
619_Teno_4532_2002	-0.0069	-0.0119	-0.0082	0.012	0.0109	-0.0182	0.0038	0.0134	0.0002	0.002
620_Teno_4536_2002	-0.0119	-0.0149	-0.0073	-0.0233	0.0175	-0.0092	0.0041	0.0005	0.0063	-0.0002
621_Teno_4537_2002	-0.0114	-0.0123	-0.0132	-0.0328	-0.017	-0.0097	0.0019	-0.0036	-0.0038	-0.0003
622_Teno_4540_2002	-0.0115	-0.0176	-0.0037	-0.0383	0.0038	-0.0126	-0.0089	0.004	-0.0074	-0.0052
623_Teno_4542_2002	-0.0103	-0.0082	-0.0052	-0.0215	0.0157	-0.0068	-0.0106	-0.0035	-0.0012	0.0018
624_Teno_4548_2002	-0.0152	-0.0157	-0.0117	0.0023	0.0033	-0.0214	0.005	0.0028	0.0014	0.0061
625_Teno_4556_2002	-0.0022	-0.003	-0.0093	-0.0222	-0.0097	-0.0072	0.0066	0.0011	-0.0002	0.0008
626_Teno_4562_2002	-0.0114	-0.016	-0.009	-0.0276	-0.0001	0.0032	-0.0058	-0.0007	-0.0004	-0.0022
627_Teno_4563_2002	-0.0101	-0.0131	-0.0115	-0.0363	-0.0087	-0.0059	0.0019	-0.0012	0.0012	0.0094
628_Teno_4570_2002	-0.0067	-0.0157	-0.0056	-0.0062	-0.0129	-0.0022	0.01	-0.0012	-0.0004	0.0011
629_Teno_4579_2002	-0.0162	-0.0132	-0.016	0.0028	0.0056	0.011	0.0138	0.0425	-0.0432	-0.0197
630_Teno_4580_2002	-0.0099	-0.0101	-0.0021	-0.0041	-0.0054	0.0041	0.0036	-0.002	0.0	0.0
631_Teno_4583_2002	-0.0134	-0.0119	-0.0075	0.0222	0.0152	0.0058	0.006	0.0035	-0.0008	-0.0002
632_Teno_4592_2002	-0.014	-0.0127	-0.0073	-0.0154	0.0198	-0.023	0.0073	0.0015	0.012	0.0148
633_Teno_4595_2002	-0.0066	-0.0126	-0.0006	-0.008	-0.0009	0.0033	0.0015	-0.0047	0.0077	0.0168
634_Teno_4596_2002	-0.0125	-0.0097	-0.0024	-0.0134	0.0071	0.0135	0.0089	0.0017	0.0083	-0.0047
635_Teno_4599_2002	-0.0165	-0.0124	-0.0119	-0.0149	-0.017	-0.0022	0.0025	-0.0081	0.0503	0.0205
636_Teno_4650_2002	-0.0175	-0.0146	-0.0089	-0.0249	-0.0046	-0.0131	-0.0027	-0.0019	-0.0016	0.0002
637_Teno_4695_2002	-0.0086	-0.0144	-0.008	0.0122	-0.0038	-0.0042	0.0026	0.0045	-0.0037	0.0046
638_Teno_4775_2002	-0.0109	-0.0137	-0.0071	0.0182	0.0196	0.0054	0.0065	0.0011	0.0001	0.006
639_Teno_4788_2002	-0.0137	-0.0099	0.0014	0.0224	-0.0073	0.0075	-0.0001	-0.0072	-0.0001	0.0008
640_Teno_4793_2002	-0.0057	-0.0087	-0.004	0.0123	0.0127	-0.0039	0.0126	-0.0027	-0.0014	-0.0011
641_Teno_4794_2002	-0.0146	-0.0117	0.0006	0.0236	-0.0054	-0.0064	-0.0035	0.0051	0.0009	0.0011
642_Teno_2303_2003	-0.0127	-0.0087	0.0105	0.0233	0.008	0.005	-0.0013	0.001	-0.0088	-0.0019
643_Teno_2519_2003	-0.0126	-0.0139	-0.0067	0.0215	0.0049	0.006	-0.0032	-0.0015	-0.0001	-0.0
644_Teno_2520_2003	-0.0152	-0.0088	0.0011	0.0104	-0.0001	-0.0051	0.0009	0.0125	0.0153	-0.0155
645_Teno_2605_2003	-0.0137	-0.0096	-0.0088	0.0135	0.0045	0.0085	0.0045	-0.0083	-0.0035	0.0091
646_Teno_2608_2003	-0.0057	-0.0179	-0.0065	0.0223	0.0046	-0.0019	0.0012	-0.0057	0.0004	-0.0011
647_Teno_2632_2003	-0.0156	-0.0127	-0.0054	-0.0293	0.0031	-0.002	0.0052	-0.0271	0.0893	-0.0098
648_Teno_2635_2003	-0.016	-0.0104	-0.0192	0.003	0.0008	0.0	0.0011	-0.003	0.0006	-0.0003
649_Teno_2683_2003	-0.0108	-0.0099	-0.0062	0.0134	0.0112	0.0016	-0.0043	0.009	0.0002	0.0005
650_Teno_2684_2003	-0.0091	-0.0097	-0.007	-0.0229	0.0137	0.0034	0.0114	0.0046	-0.0177	0.017
651_Teno_2687_2003	-0.014	-0.0134	-0.0026	0.0112	-0.0037	-0.0129	0.0043	0.0085	-0.0061	-0.0026
652_Teno_2689_2003	-0.0148	-0.0118	0.0028	0.0214	0.012	0.0031	-0.0021	-0.0053	-0.0031	-0.003
653_Teno_2690_2003	-0.0081	-0.0125	-0.0134	0.0142	-0.0097	0.0016	0.0115	0.0027	-0.0004	-0.0015
654_Teno_2691_2003	-0.0014	-0.0064	-0.0005	-0.0008	-0.0012	-0.0009	0.0024	-0.0006	-0.0013	-0.0011
655_Teno_2692_2003	-0.0124	-0.0152	-0.0116	-0.0009	-0.01	0.0045	0.0113	0.0007	-0.0003	0.002
656_Teno_2776_2003	-0.0143	-0.0075	-0.0091	0.0034	-0.0052	-0.0023	0.0027	0.0079	0.0015	0.0095
657_Teno_2788_2003	-0.0055	-0.0107	-0.0097	0.022	0.0136	0.0037	-0.0034	-0.0139	0.0006	0.0003
658_Teno_2790_2003	-0.0134	-0.0173	-0.0018	0.0272	0.0017	0.0002	-0.0041	-0.001	-0.0018	0.0014
659_Teno_2792_2003	-0.0118	-0.0114	-0.0021	-0.0274	0.0102	-0.0008	-0.0048	0.0	-0.0042	-0.003
660_Teno_2798_2003	-0.0113	-0.0143	-0.0074	0.0172	0.0089	-0.005	-0.0006	0.0003	0.0	0.0015
661_Teno_2799_2003	-0.0101	-0.0071	-0.0066	0.0137	0.0094	-0.0004	0.0054	0.0001	-0.0031	-0.0004
662_Teno_2800_2003	-0.0086	-0.0114	-0.014	0.0116	0.0208	0.0025	-0.0034	-0.0099	0.0008	0.0003
663_Teno_2801_2003	-0.0099	-0.0072	-0.0067	0.0184	0.0022	-0.0003	0.0029	-0.0002	-0.0003	0.0021
664_Teno_2804_2003	-0.0127	-0.0159	-0.0017	0.0234	-0.0067	-0.0025	-0.0085	-0.0065	-0.0056	0.0007
665_Teno_2805_2003	-0.0156	-0.0116	0.002	0.0212	-0.005	-0.0007	0.004	0.0022	-0.0016	0.0002
666_Teno_2806_2003	-0.0093	-0.0045	0.0009	-0.0234	-0.0025	0.0026	-0.0001	-0.0028	-0.0002	0.0014
667_Teno_2808_2003	-0.0157	-0.0112	-0.0012	-0.0359	-0.0036	-0.0047	-0.0052	-0.0009	0.0007	-0.0002
668_Teno_2809_2003	-0.0098	-0.0076	0.0004	0.0185	0.0047	-0.0021	0.0014	0.0058	-0.0055	0.0082
669_Teno_2814_2003	-0.0154	-0.0066	-0.0103	0.0186	0.0019	-0.004	0.0098	-0.0057	-0.0001	-0.0001
670_Teno_2816_2003	-0.0137	-0.0053	0.0025	0.0108	-0.0102	-0.006	0.0016	0.0081	0.0108	-0.0066
671_Teno_2820_2003	-0.0041	-0.0219	-0.0023	0.0052	-0.019	-0.0068	0.0042	-0.002	-0.0026	-0.0038
672_Teno_2822_2003	-0.0079	-0.0094	0.0039	0.0151	-0.0106	-0.0009	-0.0004	0.0029	0.0376	-0.0112
673_Teno_2824_2003	-0.0175	-0.0157	-0.0081	0.0224	-0.002	-0.0125	-0.0044	0.0036	-0.0031	-0.0001
674_Teno_2827_2003	-0.0059	-0.0136	-0.0033	-0.0031	-0.0164	0.0002	-0.0157	0.0129	0.0038	0.0024
675_Teno_2853_2003	-0.01	-0.0157	0.003	0.0163	-0.0138	-0.0033	-0.0021	-0.0008	0.0011	-0.0073
676_Teno_2895_2003	-0.0104	-0.0124	-0.0024	0.0222	-0.008	-0.0203	-0.0133	0.0019	0.0005	0.0
677_Teno_2929_2003	-0.0155	-0.0144	-0.0047	-0.0259	-0.0097	0.0047	-0.0006	0.0006	0.0024	0.0001
678_Teno_2955_2003	-0.0124	-0.0088	-0.0033	-0.0087	0.0004	0.0209	-0.0018	-0.0011	-0.0006	-0.007
679_Teno_2989_2003	-0.0111	-0.0141	0.0132	0.0249	0.0091	-0.0096	-0.0002	0.0026	-0.0	-0.0014
680_Teno_3022_2003	-0.014	-0.0109	-0.009	0.0134	-0.0152	-0.0032	0.0038	0.0015	0.0034	0.0009
681_Teno_3024_2003	-0.0081	-0.0144	0.0014	-0.0184	-0.0187	0.0136	-0.0006	0.0023	-0.0047	-0.0002
682_Teno_3025_2003	-0.0042	-0.0054	-0.0029	-0.0085	-0.0137	0.0095	0.0015	-0.0005	-0.0062	-0.0027
683_Teno_3026_2003	-0.0077	-0.0143	-0.0073	0.0059	-0.0031	-0.0172	0.0117	0.0137	0.0051	0.0015
684_Teno_3033_2003	-0.0087	-0.0109	0.0023	0.0215	0.0042	-0.0018	0.0011	0.0003	-0.0059	0.0097
685_Teno_3035_2003	-0.0107	-0.0067	0.0038	-0.0184	-0.0012	0.0107	-0.011	-0.0027	-0.0012	0.0023
686_Teno_3058_2003	-0.0127	-0.0067	-0.0069	-0.0149	-0.0002	-0.0024	0.0063	0.0147	0.005	-0.0041
687_Teno_3060_2003	-0.0073	-0.0134	0.0035	-0.0031	0.0042	0.02	-0.0051	-0.0014	-0.0035	-0.0009
688_Teno_3061_2003	-0.0163	-0.0108	-0.0025	-0.0413	0.0133	-0.0102	-0.01	-0.004	0.0031	0.0007
689_Teno_3062_2003	-0.0113	-0.0124	-0.0126	-0.04	0.0157	-0.0009	0.0101	0.0026	-0.0	0.0033
690_Teno_3063_2003	-0.0127	-0.0085	-0.019	0.0012	0.0019	0.0014	0.0017	-0.0016	-0.0002	0.0005
691_Teno_3069_2003	-0.0143	-0.0127	-0.0144	-0.0166	-0.0062	0.0102	-0.0021	-0.0047	0.0026	0.0001
692_Teno_3086_2003	-0.0125	-0.0059	-0.0107	0.0252	0.0201	-0.0102	-0.0021	-0.0058	-0.003	-0.0034
693_Teno_3089_2003	-0.0079	-0.0097	-0.0063	0.028	-0.0054	0.0089	0.0012	-0.0022	-0.0007	0.0003
694_Teno_3091_2003	-0.0065	-0.0166	0.0086	-0.0081	0.0057	0.0159	0.0071	-0.0001	0.0002	0.0007
695_Teno_3137_2003	-0.0109	-0.013	-0.0096	-0.0174	-0.0002	-0.0049	0.0028	-0.0054	0.0072	0.0013
696_Teno_3139_2003	-0.0158	-0.0044	-0.0051	0.0156	-0.0083	0.0093	0.0057	-0.0453	0.008	0.0228
697_Teno_3141_2003	-0.0161	-0.0131	-0.0073	-0.0287	-0.0004	-0.0046	-0.0004	0.0001	0.0002	0.0006
698_Teno_3144_2003	-0.0195	-0.0124	0.0056	-0.0076	0.0274	0.0037	-0.0029	0.0012	0.0027	0.0031
699_Teno_3147_2003	-0.0072	-0.0075	-0.0059	-0.0089	0.0033	0.0093	-0.0065	-0.0029	0.0011	0.0269
700_Teno_3151_2003	-0.0096	-0.0141	0.0029	0.0147	0.0025	-0.0026	-0.0044	0.0009	0.0026	-0.0054
701_Teno_3153_2003	-0.0115	-0.0085	-0.0042	0.0097	0.0003	0.0082	-0.0073	-0.0008	-0.0017	-0.0074
702_Teno_3154_2003	-0.0113	-0.0123	-0.0103	0.0117	0.0087	0.0021	-0.0018	-0.0003	0.0005	-0.0006
703_Teno_3155_2003	-0.0165	-0.0088	-0.0025	0.0242	-0.0042	-0.01	0.0018	0.0036	0.0012	-0.0098
704_Teno_3159_2003	-0.007	-0.0034	0.0016	-0.001	0.0012	0.0044	-0.0004	0.0078	0.0013	-0.0047
705_Teno_3160_2003	-0.0157	-0.0168	-0.0106	-0.051	0.0019	0.0	0.0038	-0.004	-0.0064	-0.0001
706_Teno_3161_2003	-0.0104	-0.0189	-0.0108	-0.0388	-0.0	0.0051	-0.0003	-0.0074	-0.0021	-0.0017
707_Teno_3168_2003	-0.0093	-0.0152	-0.0016	-0.0501	0.005	0.0055	0.0014	-0.0049	-0.0021	-0.0021
708_Teno_3173_2003	-0.0129	-0.0091	-0.0053	0.0125	0.019	-0.0158	0.0139	-0.0055	0.0021	0.0004
709_Teno_3179_2003	-0.0142	-0.0121	0.0007	0.0229	0.0204	-0.0079	0.0193	0.0025	-0.0005	0.0021
710_Teno_3184_2003	-0.0152	-0.002	-0.0046	-0.0206	0.0098	-0.0113	-0.0009	0.0028	0.0097	-0.002
711_Teno_3186_2003	-0.0086	-0.0094	-0.0037	0.0134	0.0017	0.0018	-0.001	0.0007	0.0001	-0.0045
712_Teno_3189_2003	-0.0105	-0.0041	0.0082	-0.0236	-0.0005	0.0007	0.0101	0.0034	-0.0035	0.0006
713_Teno_3192_2003	-0.0034	-0.0085	0.0277	0.0047	0.0005	0.0037	-0.0044	0.0024	-0.0122	0.0237
714_Teno_3193_2003	-0.0127	-0.0089	-0.0064	0.022	0.0009	0.0043	-0.0025	-0.0003	-0.0011	0.0001
715_Teno_3196_2003	-0.0083	-0.0115	-0.0072	0.0156	-0.0084	0.0098	0.0084	-0.0296	0.028	-0.0143
716_Teno_3197_2003	-0.0092	-0.0109	-0.014	0.0112	0.0039	-0.0046	-0.0006	0.0043	0.0008	-0.0008
717_Teno_3204_2003	-0.0096	-0.017	0.0044	-0.0161	-0.0072	-0.0086	0.0008	0.005	0.001	0.0005
718_Teno_3210_2003	-0.0101	-0.0152	0.0004	0.0335	0.0074	-0.0086	0.0038	0.0084	0.0024	0.0019
719_Teno_3215_2003	-0.0067	-0.0119	0.0009	0.0074	0.0006	0.002	0.0005	0.0077	-0.0007	0.0
720_Teno_3216_2003	-0.0149	-0.0141	-0.0095	0.0186	0.0083	0.0035	-0.0006	-0.0043	-0.0008	-0.0099
721_Teno_3217_2003	-0.0037	-0.007	-0.0033	0.0294	0.0092	0.0068	0.0059	-0.0079	0.0024	-0.0049
722_Teno_3218_2003	-0.006	-0.0143	-0.014	0.011	-0.0058	-0.0145	0.0059	-0.0006	-0.0	0.0008
723_Teno_3223_2003	-0.007	-0.0149	-0.0056	0.0103	0.0043	0.0043	-0.0016	0.0005	0.0035	-0.0029
724_Teno_3224_2003	-0.0148	-0.0078	-0.022	0.0245	-0.0008	0.0212	0.0138	-0.0	0.0049	0.0004
725_Teno_3230_2003	-0.0124	-0.0131	-0.0122	-0.0063	0.0085	0.0054	0.0174	0.0013	-0.0021	-0.0033
726_Teno_3231_2003	-0.0127	-0.0111	-0.004	0.0283	0.0004	0.0048	0.0016	-0.0011	0.0004	0.0004
727_Teno_3233_2003	-0.0127	-0.0133	-0.009	-0.0379	0.0137	0.0015	-0.0124	0.002	-0.0023	0.0045
728_Teno_3235_2003	-0.0083	-0.0053	-0.0092	0.0325	0.0028	0.0023	0.0002	0.0091	-0.0005	-0.0019
729_Teno_3244_2003	-0.0094	-0.0154	0.0002	0.0104	0.0051	0.0003	0.0008	0.0023	0.0009	-0.007
730_Teno_3245_2003	-0.0167	-0.0145	0.004	0.0044	0.0059	0.001	0.0029	0.0016	-0.001	0.0018
731_Teno_3249_2003	-0.0144	-0.0148	-0.0086	0.0038	0.0045	0.0044	-0.0044	0.0052	0.0022	-0.0006
732_Teno_3250_2003	-0.0118	-0.0143	-0.0148	0.0066	0.0029	0.0023	-0.0008	-0.0043	-0.0001	0.0009
733_Teno_3251_2003	-0.01	-0.0113	-0.0034	0.0172	0.011	0.0041	-0.0085	-0.0007	0.0004	0.0024
734_Teno_3253_2003	-0.0171	-0.0073	-0.0081	-0.0312	-0.0016	-0.0123	-0.0056	-0.0031	0.0004	0.001
735_Teno_3254_2003	-0.0171	-0.011	-0.0066	0.0234	0.0145	-0.0143	0.005	-0.0022	0.0007	0.0001
736_Teno_3257_2003	-0.0185	-0.0146	-0.0025	-0.0335	-0.0068	-0.0053	-0.0018	-0.0014	0.002	0.0011
737_Teno_3259_2003	-0.0076	-0.0064	-0.005	-0.0324	-0.0106	0.0047	-0.0016	-0.0089	0.0007	-0.0073
738_Teno_3265_2003	-0.0055	-0.013	-0.002	-0.0028	-0.0039	0.0039	0.001	-0.0017	0.0119	0.0228
739_Teno_3269_2003	-0.0144	-0.0119	-0.0098	0.0238	-0.0092	-0.0026	0.0089	0.0001	-0.0082	-0.0185
740_Teno_3272_2003	-0.0121	-0.0126	-0.0031	0.0098	-0.0116	-0.007	-0.0012	0.0033	0.0015	0.0025
741_Teno_3277_2003	-0.011	-0.0166	-0.0088	-0.0387	0.011	-0.017	0.0048	0.0033	-0.0006	0.0003
742_Teno_3278_2003	-0.007	-0.0171	-0.0137	-0.0374	-0.0013	0.0107	-0.0076	-0.0201	-0.0017	0.0014
743_Teno_3294_2003	-0.0153	-0.0149	0.0028	-0.0313	0.0013	-0.0037	0.0034	-0.0027	-0.0002	0.0001
744_Teno_3300_2003	-0.0099	-0.017	-0.0158	0.0062	0.0104	-0.0037	-0.0097	-0.0041	0.003	0.0013
745_Teno_3302_2003	-0.0134	-0.0132	0.0039	0.032	-0.0123	-0.0047	0.0071	-0.0124	-0.0013	0.0033
746_Teno_3303_2003	-0.0134	-0.0109	0.0034	0.015	0.0151	-0.0035	0.0036	0.0006	-0.0007	-0.0099
747_Teno_3305_2003	-0.0106	-0.0077	-0.0017	-0.0248	0.007	0.0033	-0.0008	0.0	0.0055	0.0232
748_Teno_3307_2003	-0.0176	-0.0081	-0.0052	0.0155	0.0035	-0.0019	-0.0013	0.0005	0.002	0.0042
749_Teno_3308_2003	-0.0101	-0.0145	-0.0098	0.019	0.0155	-0.0151	0.0015	0.0086	0.0034	-0.0006
750_Teno_3309_2003	-0.0078	-0.0117	-0.0097	-0.03	0.016	-0.0013	-0.013	-0.0087	0.0016	-0.0022
751_Teno_3317_2003	-0.0106	-0.0124	-0.0042	0.0124	-0.0106	-0.0019	0.011	0.0084	-0.0009	0.0033
752_Teno_3319_2003	-0.0075	-0.0143	-0.0064	0.0103	0.0123	0.0054	-0.0009	0.015	0.0016	0.0016
753_Teno_3320_2003	-0.0092	-0.0089	0.0038	-0.011	-0.0089	-0.0099	0.0089	-0.0041	-0.0015	-0.0001
754_Teno_3321_2003	-0.0133	-0.0184	-0.0047	-0.0198	-0.0135	-0.0104	0.0015	-0.0005	0.0002	-0.0002
755_Teno_3347_2003	-0.0174	-0.013	-0.0058	-0.0315	0.0134	-0.0127	-0.008	-0.0008	0.0	-0.0004
756_Teno_3348_2003	-0.0122	-0.0128	-0.0124	-0.023	-0.0048	0.0017	0.0027	0.0041	0.0007	-0.0007
757_Teno_3349_2003	-0.0094	-0.0028	-0.0071	0.0065	-0.0042	-0.0038	0.0008	0.0132	-0.0027	-0.0066
758_Teno_3351_2003	-0.0137	-0.0145	-0.0041	0.0266	0.0195	-0.0118	-0.0004	-0.0031	-0.0015	0.0093
759_Teno_3352_2003	-0.0131	-0.0173	-0.0041	0.0256	0.0028	-0.0026	-0.001	0.0002	0.0009	0.0033
760_Teno_3355_2003	-0.0117	-0.0159	-0.0031	0.0276	0.0213	0.0101	-0.0106	-0.0003	0.0003	-0.003
761_Teno_3360_2003	-0.0179	-0.0212	-0.0018	-0.028	-0.0142	-0.008	0.0098	-0.0004	0.0022	0.0015
762_Teno_3402_2003	-0.0069	-0.0057	-0.0139	-0.008	-0.005	0.0012	0.0041	-0.0006	0.0083	0.0032
763_Teno_3409_2003	-0.0182	-0.0074	-0.0215	0.0042	0.0135	0.0212	-0.0124	0.0082	-0.0029	-0.0075
764_Teno_3410_2003	-0.0138	-0.0185	-0.0111	0.0215	0.0076	-0.014	-0.0033	-0.0046	-0.0009	0.0009
765_Teno_3498_2003	-0.0131	-0.0156	-0.0072	-0.0463	-0.0057	0.0057	0.0007	0.0043	-0.0043	-0.0004
766_Teno_3503_2003	-0.0077	-0.0137	-0.0057	0.0074	-0.0014	0.0082	-0.0004	-0.0025	0.0068	-0.0023
767_Teno_3504_2003	-0.0115	-0.0101	0.005	0.0255	0.0193	-0.0154	-0.0095	-0.0025	0.0005	-0.0011
768_Teno_3505_2003	-0.0077	-0.0126	-0.0162	0.0114	0.0085	-0.0017	-0.0035	0.0035	-0.0003	-0.0002
769_Teno_3506_2003	-0.0118	-0.0138	0.0012	0.0281	0.0073	0.0026	0.0166	0.0031	0.0	0.0128
770_Teno_3507_2003	-0.0091	-0.0104	-0.0049	0.0077	0.0015	0.0104	-0.003	0.009	-0.0032	-0.0028
771_Teno_3508_2003	-0.0081	-0.0181	-0.0072	0.0097	-0.0029	-0.0046	0.0046	-0.0035	0.0025	-0.0013
772_Teno_3509_2003	-0.0155	-0.0116	-0.0134	-0.0077	-0.0048	-0.0051	0.0007	0.0016	-0.0001	0.0035
773_Teno_3511_2003	-0.0128	-0.0128	-0.0117	0.0142	0.0076	0.0017	-0.0103	-0.0007	-0.0042	-0.0001
774_Teno_3513_2003	-0.01	-0.0188	-0.0034	-0.0353	-0.0138	0.0092	-0.0089	-0.0072	-0.0028	-0.0
775_Teno_3517_2003	-0.0149	-0.0121	0.0027	-0.0332	-0.0021	-0.0071	-0.0048	-0.0011	0.0002	-0.0022
776_Teno_3548_2003	-0.0126	-0.0086	-0.0065	-0.0275	0.005	-0.0112	0.0036	0.0036	-0.0017	-0.0006
777_Teno_3549_2003	-0.0072	-0.011	-0.0033	-0.026	0.0076	0.001	0.0052	-0.001	0.0007	0.0049
778_Teno_3550_2003	-0.0008	-0.0123	-0.0101	-0.012	0.0184	0.0032	0.0079	0.0048	-0.0001	-0.0
779_Teno_3551_2003	-0.0095	-0.0141	-0.0124	-0.008	-0.0008	-0.0039	-0.0149	-0.0057	-0.0048	0.0024
780_Teno_3557_2003	-0.0174	-0.0087	0.0039	-0.0161	0.0026	-0.0005	0.0052	0.0029	-0.0059	-0.0005
781_Teno_3558_2003	-0.005	-0.0093	0.0042	0.0012	-0.0025	0.0065	0.0022	0.0006	-0.0001	0.0
782_Teno_3566_2003	-0.0123	-0.0136	0.0063	-0.0083	0.0057	-0.0167	0.0146	0.0114	0.0006	0.0045
783_Teno_3567_2003	-0.0095	-0.0135	-0.0085	-0.0031	0.0048	-0.0108	0.0118	0.0497	-0.0091	0.0162
784_Teno_3574_2003	-0.0114	-0.0069	-0.0122	-0.0139	-0.0049	-0.0127	-0.0095	-0.0069	-0.0003	-0.0011
785_Teno_3598_2003	-0.0082	-0.0142	0.0009	-0.0396	-0.0082	0.0139	-0.0176	-0.0013	0.0008	0.0
786_Teno_3649_2003	-0.0134	-0.008	-0.0052	-0.0085	0.0117	0.0092	0.0151	0.003	-0.0027	0.0026
787_Teno_3650_2003	-0.0109	-0.0113	-0.0099	-0.0343	0.0101	0.0064	-0.009	-0.001	-0.0001	0.0021
788_Teno_3653_2003	-0.0118	-0.0084	0.0009	-0.0066	-0.0006	-0.0124	-0.0001	-0.0003	-0.001	0.0003
789_Teno_3657_2003	-0.0165	-0.0115	-0.0016	0.009	0.0071	-0.0106	-0.01	-0.0024	-0.0004	-0.0025
790_Teno_3660_2003	-0.0155	-0.0099	-0.0013	-0.0314	0.009	-0.0046	0.0031	0.0062	0.0026	-0.0077
791_Teno_3677_2003	-0.009	-0.0112	0.0031	0.0021	0.0005	-0.0021	-0.0028	-0.0023	-0.0018	-0.0019
792_Teno_3679_2003	-0.0164	-0.0108	-0.0031	-0.0332	0.0197	-0.0017	-0.0049	0.0014	-0.0117	0.0098
793_Teno_3681_2003	-0.0137	-0.0114	0.0016	-0.0049	0.0101	0.0059	0.0089	0.0027	-0.0003	-0.0012
794_Teno_3683_2003	-0.011	-0.0144	-0.0105	0.0118	-0.0099	0.0009	0.0008	-0.0005	0.001	0.0037
795_Teno_3684_2003	-0.0101	-0.0075	-0.0076	-0.0149	-0.0085	-0.0086	0.0072	0.0029	0.0015	-0.0007
796_Teno_3685_2003	-0.0147	-0.0131	-0.0084	0.0151	0.0161	-0.008	-0.0034	0.0073	-0.0004	-0.0005
797_Teno_3687_2003	-0.0156	-0.0137	-0.0082	-0.0329	-0.0025	0.016	-0.007	-0.0	0.0016	-0.004
798_Teno_3688_2003	-0.0058	-0.0142	-0.0042	0.0002	-0.0048	-0.0138	-0.0024	-0.0034	-0.0121	-0.0116
799_Teno_3690_2003	-0.0091	-0.0061	0.0077	0.0035	0.0034	0.0205	0.008	0.0101	0.0002	-0.0005
800_Teno_3692_2003	-0.0128	-0.0144	0.0018	0.0266	0.0025	0.0033	-0.0004	-0.0009	-0.0051	0.0142
801_Teno_3695_2003	-0.0127	-0.0157	-0.0099	-0.0257	0.0007	-0.0027	-0.0006	0.0038	-0.001	0.0011
802_Teno_3858_2003	-0.0071	-0.0132	-0.0036	-0.0266	-0.0201	0.0097	0.0071	-0.0036	-0.0012	-0.0011
803_Teno_3865_2003	-0.0049	-0.0104	0.0059	-0.0163	-0.0116	-0.0028	-0.0056	0.0051	-0.0114	-0.0031
804_Teno_3866_2003	-0.0093	-0.0197	-0.0125	-0.0143	0.0007	0.0091	-0.0068	-0.0013	0.0038	0.0007
805_Teno_3870_2003	-0.007	-0.0125	-0.0095	-0.0275	-0.0065	0.0031	0.0	0.0049	0.0034	-0.0056
806_Teno_3892_2003	-0.0115	-0.0028	0.0077	-0.0025	-0.0098	-0.0022	0.0153	-0.0021	0.0049	-0.0093
807_Teno_3893_2003	-0.0103	-0.0178	-0.0037	0.0081	0.0044	-0.0171	0.0142	0.0012	0.0001	-0.0003
808_Teno_3999_2003	-0.0128	-0.0108	-0.0013	-0.0311	0.0116	0.0066	0.0023	-0.0002	-0.0004	0.0027
809_Teno_4000_2003	-0.0121	-0.0169	-0.0065	0.0222	0.0063	-0.0143	0.0037	-0.0008	-0.0001	-0.0025
810_Teno_4006_2003	-0.0005	-0.0056	-0.0016	-0.0022	-0.0056	-0.0011	0.0052	0.0006	-0.0	0.0115
811_Teno_4088_2003	-0.0131	-0.0172	-0.0077	-0.0141	-0.015	0.0153	0.0038	0.0002	-0.0001	0.007
812_Teno_4099_2003	-0.0122	-0.0123	-0.0106	0.0046	-0.0064	-0.0141	0.0011	0.0052	0.0015	0.004
813_Teno_4103_2003	-0.0022	-0.0133	0.0069	-0.0025	-0.0035	0.01	-0.003	-0.0045	-0.0021	0.0001
814_Teno_4105_2003	-0.0057	-0.0115	-0.0043	-0.0055	0.0083	0.0067	0.0145	0.0001	-0.0454	0.0417
815_Teno_4112_2003	-0.0102	-0.0145	-0.0145	-0.032	0.0086	0.0002	0.0004	-0.0004	-0.0005	0.0034
816_Teno_4115_2003	-0.0068	-0.0119	0.0038	0.0176	0.0043	0.0012	0.0085	0.0008	0.0006	0.0031
817_Teno_4119_2003	-0.0107	-0.0155	-0.0067	-0.0197	-0.018	-0.0058	0.0046	-0.0033	-0.0121	-0.0047
818_Teno_4123_2003	-0.0013	-0.0094	-0.0013	-0.0045	-0.007	-0.0002	-0.0078	-0.0014	0.0007	0.0042
819_Teno_4124_2003	-0.0126	-0.0159	-0.0037	-0.04	0.0017	-0.0022	-0.0059	-0.003	-0.0067	0.0039
820_Teno_4139_2003	-0.0073	-0.0099	-0.0002	0.0116	-0.0031	-0.0063	0.0087	-0.0018	-0.02	-0.0083
821_Teno_4152_2003	-0.0067	-0.0158	-0.0002	0.0161	0.0002	0.0025	0.0047	0.0143	-0.0149	0.0106
822_Teno_4154_2003	-0.0178	-0.0116	-0.0083	0.0063	0.0003	0.0018	0.0074	0.0022	0.0022	0.0004
823_Teno_4155_2003	-0.0143	-0.0159	-0.0061	-0.0411	-0.0	0.0016	-0.0025	0.0001	0.0014	-0.002
824_Teno_4158_2003	-0.0138	-0.0119	-0.0104	-0.0109	0.0169	-0.0033	0.0046	0.0101	0.0008	-0.0
900_Tornio_5_1_1	0.0589	-0.0123	-0.0132	0.0025	-0.0027	0.0008	0.0093	0.0042	0.0069	0.0136
901_Tornio_7_1_1	0.0615	-0.0146	-0.0118	0.0004	-0.0007	-0.0004	0.0086	-0.0186	0.001	-0.0018
902_Tornio_8_1	0.0594	-0.0088	-0.0045	-0.0001	-0.0119	-0.0059	0.0112	-0.0173	-0.002	-0.0001
903_Tornio_5_1_2	0.0624	-0.0139	-0.006	-0.007	-0.0044	0.009	0.0137	-0.0086	0.0037	-0.0086
904_Tornio_7_1_2	0.061	-0.016	-0.0107	-0.0026	0.0055	0.0075	0.0059	-0.0148	-0.004	0.0069
905_Tornio_8_2_1	0.0596	-0.0204	-0.0087	-0.0007	-0.0012	-0.0061	0.0042	0.007	0.0005	-0.0
906_Tornio_5_2	0.0624	-0.0199	-0.0108	0.002	0.0066	-0.0054	-0.0049	-0.0216	-0.0004	-0.0066
907_Tornio_7_2	0.0599	-0.02	0.0055	0.0032	0.0127	-0.0012	-0.0076	-0.0045	-0.0024	0.0085
908_Tornio_8_2_2	0.0578	-0.0177	-0.0075	0.0033	-0.0004	0.0034	-0.0065	0.006	0.0066	-0.0025
909_Tornio_7_3	0.0622	-0.0162	-0.004	0.014	0.0003	0.0016	0.0108	-0.0047	-0.0005	-0.0079
910_Tornio_8_3	0.0601	-0.011	-0.0051	0.0049	-0.0042	0.0012	-0.0004	0.0052	0.0023	0.0028
911_Tornio_5_4	0.0545	-0.0175	-0.0169	0.0164	-0.0005	-0.0009	-0.0002	-0.0075	0.0043	-0.0001
912_Tornio_5_5	0.0641	-0.0178	-0.0037	-0.0133	0.0011	-0.0015	0.0123	-0.0188	0.0042	-0.0101
913_Tornio_7_5	0.0572	-0.0178	-0.009	0.0062	0.0039	0.0053	-0.0048	0.0074	-0.0065	-0.0017
914_Tornio_5_6	0.0648	-0.0176	-0.0047	-0.0041	-0.0064	-0.0028	-0.0089	-0.0151	0.0037	-0.0052
915_Tornio_5_7_3	0.0582	-0.0138	-0.009	0.0018	-0.0026	-0.0025	-0.0117	0.0076	0.0124	0.0099
916_Tornio_8_7	0.0577	-0.0146	-0.0079	0.0053	0.0134	0.0003	-0.008	0.0042	0.0033	-0.0076
917_Tornio_5_7_1	0.0566	-0.0113	-0.0083	0.0038	-0.0006	0.0132	0.0041	-0.0068	0.0091	-0.0024
918_Tornio_5_7_2	0.0614	-0.0173	-0.0028	-0.005	0.0019	-0.0146	0.0028	-0.0063	0.01	-0.0002
919_Tornio_5_8	0.0599	-0.0135	-0.0135	-0.0099	0.0038	0.008	0.0073	-0.0087	-0.0125	0.0029
920_Tornio_8_8	0.0584	-0.0132	-0.0091	-0.0022	-0.0048	-0.0018	-0.0028	-0.0043	0.0035	-0.008
921_Tornio_5_9_1	0.0599	-0.014	-0.0137	-0.0086	0.0031	-0.0154	0.0151	0.0046	0.0006	-0.0041
922_Tornio_5_9_2	0.0588	-0.0196	-0.0166	-0.0085	-0.0183	0.0023	0.0056	-0.0139	0.0041	-0.0134
923_Tornio_5_10_1	0.0588	-0.0211	-0.0065	-0.0033	-0.0008	0.0101	0.0069	-0.0212	0.0034	-0.0027
924_Tornio_5_11	0.0662	-0.0121	-0.0046	-0.0024	-0.0101	-0.0019	-0.001	-0.021	-0.0074	-0.0106
925_Tornio_8_11	0.0573	-0.0115	-0.0093	-0.0086	0.0132	-0.0043	0.003	0.0051	0.0058	0.0044
926_Tornio_5_13_2	0.0583	-0.0133	-0.0067	0.013	-0.0069	0.0019	-0.0149	0.0094	-0.0028	0.0056
927_Tornio_8_13_2	0.0531	-0.0104	-0.0045	-0.0025	0.0044	-0.0001	0.0076	-0.0031	-0.0015	-0.0062
928_Tornio_5_13_1	0.0615	-0.0152	-0.0059	0.0077	-0.0109	-0.0005	-0.0084	-0.0025	0.0049	0.0059
929_Tornio_8_13_1	0.0592	-0.016	-0.0033	0.0102	0.0087	0.0053	-0.0076	0.0112	-0.0002	-0.001
930_Tornio_5_14	0.0555	-0.0143	-0.0088	0.0061	-0.0041	-0.0044	-0.0077	0.0002	-0.0067	-0.0065
931_Tornio_8_15	0.0535	-0.013	-0.0057	0.0092	-0.0014	0.0142	0.0058	0.0042	-0.0005	0.0046
932_Tornio_5_16	0.055	-0.0135	-0.0015	0.003	0.0039	-0.003	-0.0018	-0.0189	-0.0106	-0.0024
933_Tornio_8_16	0.0601	-0.0161	-0.0131	0.0153	0.0043	-0.0008	-0.0027	0.0012	-0.0157	-0.0018
934_Tornio_5_17	0.0597	-0.0103	-0.0076	0.0021	0.0048	0.0008	0.0014	-0.0348	-0.001	-0.0009
935_Tornio_8_18	0.06	-0.0136	-0.0018	-0.0021	0.0042	-0.012	-0.0083	0.0021	0.0076	-0.0103
936_Tornio_5_18_1	0.0566	-0.0114	-0.0037	-0.0057	0.0027	0.0145	0.0081	0.0037	-0.0054	0.0031
937_Tornio_5_18_2	0.0595	-0.0137	-0.0078	-0.0034	0.0016	0.0015	-0.007	-0.0089	-0.0082	-0.003
938_Tornio_8_19	0.0577	-0.0114	-0.0117	-0.0099	-0.0038	-0.0072	-0.0102	0.0119	0.0023	-0.004
939_Tornio_7_19	0.0597	-0.0155	-0.0051	0.0005	-0.0047	0.0142	0.0144	-0.0058	0.0025	-0.0117
940_Tornio_8_23	0.0645	-0.0166	0.0077	0.0111	-0.0053	0.0056	-0.0112	-0.0022	-0.0126	0.0067
941_Tornio_8_24	0.0621	-0.0135	-0.0043	-0.0024	0.0023	-0.0046	-0.0047	0.0157	0.0098	0.0187
942_Tornio_5_25	0.0568	-0.0172	-0.0152	-0.002	0.0163	-0.0123	0.0034	0.0067	0.0016	0.0028
943_Tornio_8_27	0.0586	-0.0176	-0.0023	-0.005	-0.0084	0.001	-0.0086	0.0038	-0.0073	0.0044
944_Tornio_8_29	0.0623	-0.014	-0.0006	-0.0037	-0.0052	0.0128	0.0026	-0.0066	-0.0066	-0.002
945_Tornio_5_30	0.0621	-0.016	-0.0035	-0.0087	-0.0077	0.0051	-0.0055	0.0062	0.0052	-0.0041
946_Tornio_8_30	0.0588	-0.0095	-0.0052	0.0021	0.0008	0.0097	-0.0132	0.0008	-0.0079	0.0016
947_Tornio_7_31	0.0625	-0.0097	-0.0033	-0.0089	0.001	-0.0089	0.011	-0.013	0.0021	0.0093
948_Tornio_5_32	0.0562	-0.0076	-0.0122	0.0114	-0.0146	-0.001	-0.0074	0.0026	0.0021	0.0048
949_Tornio_8_35_2	0.0581	-0.0185	-0.0083	-0.007	-0.007	0.0004	0.0056	0.0099	0.0014	0.0019
950_Tornio_5_36	0.0612	-0.0177	-0.0078	-0.0195	-0.0108	0.0174	-0.0052	-0.005	0.0111	0.0144
951_Tornio_8_36_1	0.0538	-0.0085	-0.0097	-0.0066	-0.0051	-0.0231	-0.0005	0.0094	-0.0139	0.0105
952_Tornio_8_38	0.0613	-0.0098	-0.0016	-0.0063	-0.0051	0.0012	0.0069	0.0027	-0.0111	-0.0029
953_Tornio_5_40	0.0512	-0.0075	-0.014	0.002	-0.0017	-0.0042	0.0024	0.0152	0.0003	0.0001
954_Tornio_5_43_1	0.063	-0.018	-0.0038	0.002	-0.0093	-0.0014	-0.0039	0.0047	0.0038	-0.0043
955_Tornio_5_43_2	0.0606	-0.0122	-0.003	-0.0014	0.0075	0.0073	-0.0117	0.0039	0.0032	-0.0065
956_Tornio_5_45	0.0594	-0.0168	-0.0045	0.0068	0.0138	-0.0096	0.0117	0.0058	-0.0162	0.0032
957_Tornio_5_49	0.057	-0.0171	-0.0091	-0.0028	-0.0012	-0.0081	0.0029	0.0028	-0.0067	0.0004
958_Tornio_8_49	0.0567	-0.0153	0.0039	0.014	0.0072	0.0024	-0.0127	-0.0028	0.0079	-0.0038
959_Tornio_5_52	0.062	-0.0095	0.0018	0.0021	-0.0052	0.0019	0.0039	-0.0011	-0.0009	0.0079
960_Tornio_8_54	0.0621	-0.0165	-0.008	0.0099	0.006	-0.014	-0.0006	0.0001	-0.0005	0.0094
961_Tornio_8_56	0.0623	-0.0169	-0.0047	0.0035	-0.0036	0.0001	0.0099	0.0054	-0.0004	0.0121
962_Tornio_5_60	0.0515	-0.0126	-0.0089	-0.0063	0.012	-0.0009	0.0003	0.0081	0.0016	0.017
963_Tornio_7_60	0.0584	-0.0144	-0.0019	0.0157	0.0068	0.0055	-0.0039	-0.0126	0.0099	-0.0086
964_Tornio_7_61	0.0602	-0.0167	-0.0032	0.0055	0.0098	0.0038	0.0202	0.0072	0.0027	0.0007
965_Tornio_5_62	0.0592	-0.0122	-0.0115	-0.0012	0.0023	-0.0052	0.0115	-0.0071	-0.0085	-0.0007
966_Tornio_7_62	0.0552	-0.0124	0.0013	-0.0081	-0.0032	0.0067	-0.0141	0.0061	-0.017	0.0037
967_Tornio_8_62	0.0584	-0.0228	-0.0002	-0.0059	0.0083	0.0106	-0.0063	0.0021	0.0005	-0.0055
968_Tornio_5_64	0.0625	-0.0158	0.0002	-0.0014	-0.012	-0.0137	0.0022	0.0055	0.0	-0.0018
969_Tornio_8_64	0.0574	-0.0143	-0.016	0.0126	0.0095	-0.0167	0.0055	0.0026	-0.0027	-0.0094
970_Tornio_7_65	0.0489	-0.0165	-0.0107	-0.0004	-0.0087	0.003	-0.0023	0.0054	-0.0015	0.0005
971_Tornio_5_66	0.063	-0.0148	-0.0058	-0.01	-0.0009	0.0017	0.0009	0.0096	-0.0027	0.0039
972_Tornio_8_67_1	0.0606	-0.0144	-0.0083	-0.0066	-0.0018	-0.0081	0.0055	0.0037	-0.0094	0.009
973_Tornio_8_67_2	0.0545	-0.0086	-0.0149	0.0034	0.0057	-0.0081	-0.0049	0.0126	0.0041	-0.0019
974_Tornio_5_69	0.0589	-0.0147	0.0041	0.009	-0.0032	-0.0078	-0.001	-0.0076	0.0079	0.0029
975_Tornio_5_70	0.0574	-0.0126	-0.0049	-0.0113	-0.0025	-0.009	0.009	0.004	-0.0055	-0.0101
976_Tornio_8_72	0.0592	-0.013	-0.0104	-0.0047	-0.0021	-0.0088	-0.0129	0.0019	0.013	0.008
977_Tornio_5_76	0.0574	-0.0118	-0.0044	0.0014	0.0142	-0.0022	-0.0057	0.0067	0.0024	0.0006
978_Tornio_8_79	0.059	-0.0138	-0.0124	0.017	-0.0033	0.0115	0.0061	0.0054	-0.0052	-0.002
979_Tornio_7_87	0.0632	-0.0113	-0.0043	0.0021	0.0016	0.0026	0.0054	0.0162	-0.0017	0.008
980_Tornio_7_93	0.0566	-0.015	-0.001	0.002	-0.0028	0.0016	0.0118	-0.0022	0.0081	0.0016
981_Tornio_7_94	0.0605	-0.011	-0.0042	-0.0116	0.0253	-0.0066	0.0008	-0.0118	0.0095	0.009
982_Tornio_7_95	0.0608	-0.0123	0.0037	0.005	0.0051	-0.01	0.0046	-0.0088	-0.0037	-0.0042
983_Tornio_7_103	0.0634	-0.0131	-0.0001	0.0023	0.0011	0.0021	-0.0042	0.0069	-0.0049	0.0027
984_Tornio_8_106	0.0632	-0.014	-0.0133	-0.0	-0.0089	-0.0031	-0.0153	-0.0068	-0.0113	0.0133
985_Tornio_8_107	0.0619	-0.0127	-0.0011	0.0032	-0.0021	0.0244	-0.0109	-0.0078	-0.0019	-0.0022
986_Tornio_8_108_1	0.0519	-0.0111	-0.0094	0.0085	0.0	0.0009	0.0019	0.0047	0.003	-0.0006
987_Tornio_7_109	0.0581	-0.013	-0.0141	-0.0015	0.0074	0.0007	-0.0071	-0.0109	0.0094	-0.0047
988_Tornio_8_109	0.0595	-0.0167	-0.0059	-0.0005	-0.0058	0.0074	-0.0078	0.0	0.0011	0.0001
989_Tornio_7_110	0.0584	-0.0184	-0.0067	-0.0164	-0.0013	-0.0059	-0.0188	0.0078	-0.011	-0.0024
990_Tornio_5_113	0.0576	-0.0138	-0.0021	0.0104	0.0019	0.0021	-0.0004	0.0103	0.0035	0.0039
991_Tornio_7_114	0.0604	-0.0189	0.0008	-0.0032	-0.0031	0.0141	-0.0047	-0.011	-0.0026	-0.0029
992_Tornio_7_118	0.0569	-0.0125	-0.0055	-0.0152	-0.0052	-0.0081	0.0174	0.0088	0.0071	-0.0017
993_Tornio_8_118	0.059	-0.0087	-0.0002	-0.0048	0.0119	0.005	-0.0068	-0.0072	-0.0035	-0.0036
994_Tornio_7_121	0.0577	-0.0138	-0.0019	-0.0057	0.0077	-0.015	0.0096	0.0011	-0.0041	-0.0019
995_Tornio_7_125	0.0599	-0.0119	0.0	0.0084	0.0059	0.0051	-0.0048	-0.0053	0.0025	0.0037
996_Tornio_7_126	0.054	-0.0087	-0.0032	-0.0145	-0.0015	-0.0115	-0.0072	0.0089	0.0057	-0.0014
997_Tornio_7_130	0.0624	-0.0154	-0.0057	-0.0167	-0.0062	0.0054	-0.0126	0.0007	-0.0063	0.0032
998_Tornio_7_132	0.0655	-0.0121	-0.0048	-0.0055	-0.0128	-0.006	0.0052	0.0012	0.0029	-0.0008
999_Tornio_7_133	0.0561	-0.0155	-0.0039	-0.0071	0.0161	-0.0033	-0.0102	0.0117	0.0046	-0.0076
1000_Tornio_7_134	0.0556	-0.0088	-0.0025	-0.0204	0.0052	0.0101	-0.004	-0.0066	0.006	-0.003
1001_Tornio_7_135	0.0575	-0.017	-0.0089	-0.0062	0.0119	-0.0061	0.011	-0.0068	-0.007	-0.0072
1002_Tornio_7_141	0.0686	-0.0117	0.0014	0.0012	-0.004	-0.0099	0.019	0.0004	0.0104	-0.0116
1003_Tornio_7_156	0.0645	-0.0151	-0.0065	0.0028	-0.0057	-0.0051	0.0081	0.0201	0.0083	-0.0035
1004_Tornio_7_181	0.061	-0.0125	-0.007	0.0074	0.0002	0.0053	0.0129	-0.0078	-0.001	0.0031
1005_Tornio_7_202	0.0535	-0.0114	-0.0081	0.0002	-0.0039	-0.0046	-0.0102	0.0109	-0.0109	0.0045
1006_Tornio_7_205	0.0604	-0.0103	-0.0047	0.0033	0.0043	-0.0232	0.0037	0.0121	-0.0027	0.0059
1007_Tornio_7_207	0.0567	-0.0127	-0.0139	-0.0107	0.0127	0.0022	-0.0023	0.0017	-0.0053	0.0062
1008_Tornio_7_218	0.0632	-0.0138	-0.0116	-0.0022	0.0081	0.0026	0.0084	0.0009	0.0021	0.0046
1009_Tornio_7_238	0.0555	-0.0166	0.0003	-0.0033	0.0169	-0.008	-0.0047	0.0135	-0.0017	0.0039
1010_Tornio_7_246	0.0588	-0.0102	-0.0003	0.0008	-0.0088	0.0047	-0.0021	0.0088	-0.0111	-0.0134
1011_Tornio_7_267	0.0583	-0.012	0.0012	-0.0046	0.0124	-0.0044	-0.0025	0.0145	0.0064	0.0035
1012_Tornio_7_276	0.0592	-0.0158	-0.005	-0.0097	0.0188	-0.0	-0.0014	-0.0026	-0.0024	0.0065
1013_Tornio_7_279	0.0581	-0.0119	-0.0114	-0.0031	0.0007	-0.0075	-0.0092	0.0106	-0.0052	0.0017
1_1	0.0027	0.034	-0.0111	-0.0108	0.0128	-0.0068	0.005	-0.0028	0.0229	0.0001
1_2	0.0032	0.0388	-0.0051	0.0065	0.0051	0.0072	0.0094	-0.0158	0.0019	-0.0089
1_3	0.0058	0.04	-0.0046	-0.0105	0.0155	-0.0074	-0.0135	0.0101	0.0012	-0.0002
1_4	-0.0033	0.0472	-0.0238	0.0015	-0.0078	-0.0042	0.0061	0.0019	0.0003	-0.0036
1_5	-0.001	0.0428	-0.0207	0.0066	-0.0041	-0.0099	-0.0089	-0.0048	0.0071	-0.015
1_6	-0.0017	0.0375	-0.0015	0.0048	-0.0014	-0.0079	0.0039	-0.0061	0.0055	0.0008
1_7	0.0064	0.0285	-0.0021	-0.0059	0.0052	0.0154	-0.0077	0.0001	0.0007	-0.0011
1_8	-0.0012	0.0486	-0.0133	0.0069	-0.0234	-0.0081	-0.0096	-0.0129	0.0115	0.0021
1_9	-0.0007	0.0417	-0.0076	0.0134	-0.0205	-0.019	0.0055	-0.0129	-0.0002	-0.0
1_10	0.0046	0.04	0.0028	-0.0001	0.0057	0.0158	0.0082	-0.0012	0.0007	0.0109
1_11	-0.001	0.0378	-0.0141	-0.004	0.0028	0.0144	0.0099	0.0101	-0.0039	0.0136
1_12	0.0004	0.0357	-0.0067	0.0016	0.0095	-0.0089	-0.0149	0.0016	0.001	-0.0006
1_13	0.0009	0.0436	-0.01	0.0066	-0.007	-0.0075	-0.0045	0.0084	-0.0008	0.0003
1_14	0.0007	0.0443	-0.0224	0.002	-0.0172	-0.0119	0.0065	0.0006	-0.0007	0.0064
1_15	-0.0012	0.035	-0.0122	-0.005	0.0192	0.0257	-0.0127	0.0078	0.0009	0.0031
1_16	0.0061	0.0422	-0.0145	0.0072	-0.0242	-0.0106	-0.0105	0.0274	-0.0273	0.005
2_17	0.0006	0.0316	0.0052	-0.0023	0.0262	0.018	-0.0091	0.0125	-0.0076	0.0013
2_18	0.0029	0.0354	-0.0144	-0.0041	-0.0085	-0.009	0.0052	-0.0078	-0.006	0.0001
2_19	0.0068	0.0431	-0.004	0.0007	0.0005	0.02	-0.0026	0.0042	0.0058	0.0013
2_20	0.0037	0.0407	-0.0194	-0.0054	-0.0152	-0.0119	0.0189	-0.0093	-0.0056	0.0004
2_21	0.0012	0.0485	-0.0223	-0.011	-0.0038	-0.0134	-0.0106	-0.0046	-0.0151	0.0018
2_22	-0.0024	0.0412	-0.0181	0.0169	-0.007	-0.0111	0.0075	0.007	-0.0017	-0.0038
2_23	-0.0	0.0376	-0.0005	-0.0043	0.0105	-0.0079	0.0216	-0.0028	0.0064	0.0038
2_24	-0.0008	0.0424	-0.0155	-0.0005	0.0003	-0.0072	0.0173	0.0076	-0.0034	0.0007
2_25	0.0026	0.0419	-0.0197	0.0058	0.0111	-0.0075	-0.0096	-0.0165	-0.0055	-0.0012
2_26	-0.003	0.0412	-0.027	0.0039	-0.0022	-0.0082	0.0064	-0.0059	0.0196	-0.0094
2_27	0.0008	0.0367	-0.0197	0.0122	-0.0185	-0.0226	-0.0121	0.0058	-0.0141	0.0
2_28	0.0028	0.0505	-0.0035	0.0078	0.0029	-0.0032	0.0081	-0.0043	0.0047	0.0062
2_29	0.0039	0.0415	-0.0159	0.0035	-0.0243	-0.0156	0.006	0.0069	-0.0028	0.0018
2_30	0.0054	0.0407	-0.0037	0.0096	-0.0139	-0.0108	0.0028	-0.0108	-0.016	0.0058
2_31	-0.0003	0.0494	-0.0139	-0.0039	-0.0067	-0.0058	0.0023	-0.0022	0.0032	0.0
2_32	0.0044	0.0434	-0.0123	0.0099	-0.019	-0.0165	0.0031	-0.0064	-0.0006	-0.0027
3_33	0.0042	0.0368	-0.0075	-0.0079	-0.009	0.0061	0.0197	0.001	-0.0303	-0.0104
3_34	-0.0052	0.035	-0.0023	0.0015	0.0001	0.0052	0.004	-0.0041	0.0016	-0.0013
3_35	0.0053	0.0351	-0.01	-0.0109	0.0198	0.0257	0.0154	-0.0165	0.0005	-0.0001
3_36	-0.0032	0.0325	0.0106	-0.002	0.0164	0.0009	0.0175	-0.0112	0.0025	-0.0012
3_37	-0.0036	0.0408	0.0075	-0.0113	0.0104	0.0179	0.0263	-0.0053	-0.0003	-0.0021
3_38	0.004	0.031	0.0174	0.0074	0.0117	0.0232	0.0109	0.0057	0.0071	0.0071
3_39	-0.0095	0.0298	0.0114	-0.0107	-0.0011	0.0078	0.004	-0.0129	0.0022	0.0008
3_40	0.0051	0.0311	0.0025	0.0058	-0.0054	0.021	-0.0013	0.0013	0.0028	-0.0138
3_41	0.0051	0.036	-0.0075	-0.0124	0.0183	0.0113	0.0105	0.0021	-0.0109	-0.0049
3_42	-0.0013	0.0258	0.0122	-0.0138	0.0115	0.0075	-0.0138	-0.0004	-0.0008	-0.0003
3_43	0.0009	0.0296	0.0028	-0.0128	0.0152	0.0121	0.0186	0.0002	-0.0001	0.0042
3_44	0.0048	0.0415	-0.0036	0.0023	0.0137	0.0113	0.0081	-0.0037	0.0003	-0.0042
3_45	-0.0035	0.0305	-0.0019	-0.007	0.0095	0.0197	0.0181	0.0001	0.0015	0.0017
3_46	-0.0039	0.0232	0.0179	0.0114	0.0246	0.0137	-0.0058	0.0003	0.005	-0.0176
3_47	0.0035	0.0331	-0.0082	-0.0147	0.0195	-0.001	0.0044	-0.002	-0.001	0.0001
3_48	0.0083	0.0289	-0.0067	-0.0105	-0.0009	-0.0048	0.0209	-0.0059	-0.0007	-0.0005
3_205	0.0025	0.035	-0.0069	-0.0138	0.0356	0.0395	0.0261	-0.0029	-0.0049	0.0047
3_206	-0.0048	0.0273	0.0176	-0.0155	0.0201	0.0002	-0.0002	0.0046	-0.0158	0.0218
3_207	0.0057	0.0288	0.0203	-0.0042	0.0152	-0.0122	0.0038	-0.0006	-0.0053	0.0461
3_208	0.0083	0.0293	0.0101	-0.0117	0.018	0.0008	0.0227	-0.0039	0.0011	0.0009
3_209	0.0011	0.036	-0.0034	0.0062	0.008	0.0301	0.0207	-0.0194	-0.0022	-0.0008
3_210	-0.0041	0.033	-0.0052	-0.0013	0.0221	0.0377	0.0174	0.0018	0.0002	0.0006
3_211	-0.0018	0.0369	-0.0036	-0.0172	0.0068	0.0205	0.02	-0.0021	-0.0071	0.0034
3_212	-0.0004	0.0368	0.0009	0.0005	0.0133	0.0208	0.0144	0.0014	0.0056	0.0013
3_213	-0.0002	0.0315	0.01	-0.0152	0.0104	0.0105	0.0035	0.0017	-0.0006	-0.0006
3_214	0.0026	0.0355	0.01	0.0002	0.0115	0.002	0.0127	0.0009	0.0024	0.0013
3_215	0.0031	0.0293	0.005	-0.0148	0.0137	0.0402	0.0271	-0.0149	0.0073	0.0025
3_216	-0.0003	0.0321	-0.0002	-0.0235	0.0265	0.0185	0.0041	0.0084	-0.0022	0.0004
3_217	0.0047	0.0283	0.0205	0.0023	0.0122	0.004	0.0075	-0.0001	0.0002	0.0076
3_218	0.0003	0.0316	-0.017	-0.0071	0.0196	0.0222	-0.0024	-0.0119	-0.0189	0.0025
3_219	-0.0021	0.0316	0.0013	-0.0052	0.0191	-0.0034	0.0125	0.0	-0.015	0.0503
3_220	0.0041	0.0341	-0.0074	0.0039	0.0112	0.0358	0.0103	-0.0067	-0.0013	0.0013
3_221	0.0032	0.0341	-0.0027	0.0042	0.0229	0.0406	0.0133	-0.0058	-0.0001	-0.0039
3_222	0.0	0.033	-0.0063	0.0007	0.022	-0.0045	0.0057	0.0018	-0.0061	0.0018
3_223	0.0005	0.0349	-0.0017	0.0187	-0.0054	0.0138	0.0185	-0.0273	-0.0002	-0.0017
3_224	0.0087	0.0349	-0.0017	-0.0165	0.0181	-0.0	0.0198	-0.0113	-0.0017	-0.0041
3_225	0.003	0.0249	0.0156	-0.0201	0.0213	0.0163	0.0079	-0.0103	-0.033	0.003
3_226	0.0039	0.0234	0.0167	-0.0049	0.0312	0.0049	-0.0005	0.0003	-0.0015	-0.0015
3_227	0.0084	0.0367	-0.006	-0.0053	0.0166	0.0437	0.0136	0.0023	-0.0077	0.0087
3_228	0.0003	0.0437	0.0109	-0.0054	0.0278	0.0026	0.0203	0.0014	-0.0033	-0.0008
3_229	0.0001	0.0262	0.0055	-0.0095	0.0284	0.0145	0.0046	-0.0197	0.0045	-0.0039
3_230	0.0029	0.0363	-0.0046	-0.0034	0.0217	0.0042	0.0209	0.0034	-0.0048	0.0021
3_231	0.003	0.0381	-0.0069	-0.0016	-0.001	0.0068	0.0129	-0.0249	-0.012	-0.0052
3_232	0.0015	0.0375	0.0109	-0.0046	0.0103	0.0017	-0.0007	0.0034	-0.0063	0.0241
3_233	0.0043	0.0355	-0.0015	-0.0019	0.019	0.0297	0.001	-0.0101	-0.0145	0.0014
3_234	-0.0013	0.029	0.02	0.0146	0.024	0.0096	0.0057	0.0115	-0.0039	-0.0055
4_49	0.0006	0.0223	0.0301	-0.0063	0.0339	0.0004	-0.0125	0.0038	0.0004	0.0
4_50	-0.0012	0.025	0.026	0.0107	0.0182	0.024	-0.0116	0.002	-0.0053	-0.0002
4_51	0.0013	0.0282	0.0235	0.0109	0.0197	0.0137	-0.0066	-0.0009	-0.0005	-0.001
4_52	-0.0061	0.027	0.0235	0.0008	0.0142	0.0013	-0.0004	-0.0119	0.0124	0.0072
4_53	0.0032	0.0259	0.0296	0.0014	0.0333	0.0001	-0.0087	-0.0025	0.0077	0.0126
4_54	0.0014	0.0185	0.0197	0.0081	0.015	0.018	-0.0126	0.0013	0.0002	-0.0005
4_55	-0.0013	0.0219	0.0221	-0.0119	0.006	0.0085	-0.0043	-0.0	-0.0012	0.0006
4_56	0.001	0.0224	0.0268	0.016	0.019	0.0189	-0.0123	0.0007	-0.0039	0.0064
4_57	-0.0	0.0133	0.0312	-0.0053	0.0154	0.0116	-0.0063	0.0035	-0.0017	-0.0217
4_58	0.003	0.0146	0.0243	-0.0001	0.0167	0.0225	-0.0082	-0.0018	0.0005	0.017
4_59	0.001	0.0212	0.0334	0.0122	0.0354	0.0191	-0.0028	0.0006	0.0022	0.0025
4_60	0.0028	0.0222	0.0264	0.0018	0.033	0.0138	-0.0062	0.0012	-0.0005	-0.0003
4_61	-0.01	0.0283	0.0011	-0.0051	0.0208	0.0042	-0.0131	-0.0074	-0.0017	-0.0023
4_62	0.0015	0.0216	0.0405	0.0089	0.027	0.0021	-0.0045	-0.0107	-0.0265	-0.0047
4_63	-0.007	0.0311	0.037	-0.012	0.0321	0.0199	0.0014	0.027	0.0022	0.0069
5_64	-0.0004	0.0198	0.0212	-0.002	0.0239	-0.0008	-0.0199	-0.0005	-0.001	-0.0012
5_65	-0.0048	0.0406	-0.0016	-0.0075	0.0263	0.016	0.0177	-0.005	-0.0052	0.0002
5_66	0.0004	0.026	0.0252	0.0025	0.006	0.0223	-0.011	0.0077	-0.0085	0.0121
5_67	-0.0014	0.0388	0.0001	0.0116	0.0058	-0.0027	-0.0047	0.0102	-0.0027	-0.001
5_68	-0.0006	0.0298	0.0114	-0.0027	0.0227	0.0011	0.0006	0.0026	0.0014	-0.0037
5_69	0.0033	0.029	0.0022	0.0092	0.0242	0.0144	-0.0005	0.0034	0.0004	0.0027
5_70	-0.0012	0.0289	0.0267	0.0121	0.0261	0.0182	-0.0023	0.0023	-0.0001	0.0007
5_71	-0.0024	0.0308	0.0111	0.0121	0.0155	0.0298	-0.0085	0.0068	-0.0012	-0.0096
5_72	-0.0005	0.0263	-0.0041	0.008	-0.0109	-0.0008	-0.0004	0.0001	-0.0017	0.0006
5_73	0.0002	0.022	0.0289	-0.0027	0.0172	0.0161	-0.0034	0.003	0.0054	0.0068
5_74	0.0012	0.0266	-0.0031	-0.0156	0.0147	0.0264	0.012	-0.0041	-0.0001	-0.0
5_75	-0.003	0.0209	0.0323	-0.0023	0.0225	-0.0073	-0.0114	0.0001	-0.0015	0.0013
5_76	-0.0007	0.0261	0.0275	-0.0035	0.0285	0.0035	-0.0034	0.002	-0.0019	0.0018
5_77	-0.0003	0.0067	0.0546	-0.001	-0.0063	-0.0188	-0.0018	-0.0015	0.0159	0.0227
5_78	-0.0008	0.0241	0.0274	-0.0119	0.0098	-0.0035	0.0092	-0.0061	0.0014	0.0002
5_79	0.0072	0.0177	0.0277	0.0002	0.0171	0.0049	-0.0001	-0.0004	0.0004	0.0106
6_80	0.0027	0.0281	0.0254	-0.0016	0.0211	0.017	-0.0012	0.0017	0.0003	0.0012
6_81	-0.0005	0.0314	-0.0005	0.0073	0.0171	0.0226	-0.0046	0.0083	0.0017	0.0022
6_82	0.0058	0.0236	0.0099	0.0017	0.034	0.0222	-0.0124	0.0013	0.0005	0.0014
6_83	-0.0031	0.0192	0.0206	-0.0049	0.026	0.006	-0.0029	-0.0027	-0.0042	0.0059
6_84	-0.0011	0.0288	0.0044	0.0032	0.0255	0.0055	-0.0055	0.0099	0.001	0.0
6_85	-0.0018	0.0285	0.0041	0.001	0.0231	0.0258	-0.0076	0.0009	-0.0	0.0068
6_86	0.0031	0.0223	0.0073	-0.0136	0.0314	0.0114	0.0033	-0.0069	-0.0091	0.009
6_87	0.0008	0.0233	0.0236	-0.0144	0.0171	0.0024	-0.0059	0.0035	-0.017	0.001
6_88	0.0012	0.0264	0.0115	0.0025	0.0188	0.0222	-0.0025	0.0037	-0.0012	-0.0003
6_89	0.0061	0.0276	0.0021	-0.0094	0.0243	0.0019	0.0003	-0.0336	0.0068	-0.0492
6_90	-0.0048	0.0239	0.0061	0.0013	0.0391	0.0268	-0.0074	-0.0007	-0.0024	0.008
6_91	0.0037	0.0236	0.0172	-0.013	0.0293	0.0167	0.0003	-0.0001	0.0	-0.0007
6_92	-0.0016	0.0244	0.0348	-0.0072	0.0194	0.0019	0.0011	-0.002	0.0106	0.0079
6_93	0.0009	0.0283	0.024	0.0154	0.0377	0.0029	0.0007	0.0006	-0.0002	0.0027
6_94	0.0037	0.033	0.0056	-0.0099	0.0228	0.008	-0.0032	0.0101	-0.0006	-0.0011
6_95	-0.0055	0.0275	0.0143	0.0	0.0257	0.019	-0.0088	0.0003	-0.0075	0.0014
7_96	-0.0015	0.0389	-0.021	0.0023	-0.0274	-0.0143	0.0139	-0.0142	0.0085	-0.002
7_97	-0.0055	0.0482	-0.0169	-0.0024	-0.0245	-0.0102	-0.0069	-0.0035	0.0006	-0.0025
7_98	0.0014	0.0538	-0.0203	-0.0046	-0.0202	-0.0055	-0.0051	0.0035	0.002	-0.0008
7_99	0.0013	0.0465	-0.0266	-0.0015	-0.0275	-0.0036	-0.0092	0.0015	0.0074	-0.0033
7_100	-0.0004	0.0425	-0.0235	0.001	-0.0254	-0.0263	-0.0147	-0.0017	-0.0022	0.0015
7_101	-0.0021	0.0312	0.0026	-0.0004	0.0153	0.0298	-0.0042	-0.0083	-0.0044	0.0009
7_102	-0.0017	0.0193	0.0221	0.0052	0.0396	0.0065	-0.0043	-0.0002	-0.0025	0.0095
7_103	-0.0004	0.0474	-0.0341	-0.0071	-0.0311	-0.0207	-0.0111	0.0138	0.0066	0.0079
7_104	0.0063	0.0295	0.0199	-0.0025	0.0177	0.0392	-0.0175	0.0729	0.0126	-0.0554
7_105	0.0054	0.0503	-0.0215	0.0054	-0.0084	-0.0108	-0.0092	0.0057	0.0102	-0.0003
7_106	0.0037	0.0433	-0.0217	-0.0014	-0.0212	-0.0307	-0.021	0.0274	0.0314	0.0177
7_107	0.0034	0.0424	-0.0119	0.0062	-0.0132	-0.0131	0.0021	0.0015	0.0017	-0.0012
7_108	0.0044	0.0489	-0.022	0.0025	-0.0266	0.0043	-0.0149	0.0	0.0067	-0.0005
7_109	0.0015	0.043	-0.0233	-0.0015	-0.0115	-0.0116	-0.0116	-0.0007	0.0043	-0.0001
7_110	0.0015	0.0435	-0.0156	-0.0082	-0.0061	-0.0184	-0.0141	0.002	0.0017	-0.0039
7_111	0.0006	0.0425	-0.0009	-0.0033	0.0062	-0.0065	0.0026	-0.0011	-0.0006	0.0049
7_112	0.0015	0.0464	-0.0055	0.0102	-0.0214	-0.0101	0.0098	0.0169	0.0014	-0.0001
8_113	-0.001	0.0402	-0.0158	0.0013	-0.0135	-0.0049	-0.0119	-0.005	-0.0018	0.0018
8_114	-0.0036	0.0339	-0.0012	-0.0083	0.0019	-0.0013	0.0046	0.012	0.0006	-0.0005
8_115	0.0043	0.0409	-0.0009	-0.0177	-0.0144	0.0149	0.004	-0.0023	-0.0019	-0.0007
8_116	-0.0011	0.0466	-0.016	0.0091	-0.0013	-0.0021	-0.0173	0.0026	0.0008	0.0021
8_117	0.0001	0.0485	-0.0158	-0.0051	-0.0115	-0.0015	-0.0066	0.0112	-0.0019	0.0006
8_118	0.0024	0.0479	-0.0193	-0.0035	-0.0178	-0.0072	0.0062	-0.0026	-0.0088	0.0053
8_119	-0.0015	0.0456	-0.0167	0.0025	-0.0042	0.0036	-0.0027	0.0037	0.0017	0.0008
8_120	-0.0007	0.0434	-0.011	0.0023	-0.0091	-0.0151	-0.006	0.0023	-0.0066	0.0012
8_121	0.0036	0.04	-0.0033	0.006	-0.002	-0.0195	-0.005	0.0055	-0.0227	0.0081
8_122	0.0062	0.0399	0.0031	0.0011	-0.0174	-0.0118	0.0193	-0.0069	0.0002	-0.0005
8_123	0.0008	0.0473	-0.0131	-0.01	-0.0189	-0.0121	-0.0023	-0.0063	0.0025	0.0016
8_124	0.0042	0.0389	-0.0073	0.0064	-0.008	-0.0052	0.0053	-0.0145	-0.0142	0.0056
8_125	-0.001	0.0445	-0.0186	-0.0034	-0.0097	-0.0057	-0.0052	0.0082	0.0036	0.0036
8_126	0.0019	0.0404	-0.0178	0.0014	-0.0243	-0.0197	-0.0046	-0.0037	0.0063	0.0008
8_127	-0.0027	0.0423	-0.0097	-0.0012	-0.0121	0.0023	-0.0107	0.0012	-0.001	0.0015
8_128	0.0076	0.0378	-0.0213	0.0031	-0.0093	0.0092	-0.0069	0.0023	0.0004	-0.0008
8_129	0.0017	0.0272	0.0042	0.0003	0.0238	0.0273	-0.002	-0.0008	0.0	-0.0006
8_130	-0.006	0.0428	-0.0162	-0.0001	-0.0053	-0.0242	0.0012	0.0018	-0.0026	0.0019
8_131	-0.0017	0.0403	-0.0195	0.0056	-0.0189	-0.0048	-0.0002	0.0095	0.0074	0.013
8_132	0.0004	0.0399	-0.0184	-0.0127	-0.0155	0.0008	-0.0136	-0.0004	0.0005	0.0007
8_133	0.0006	0.0434	-0.0042	-0.0011	-0.0069	-0.0129	-0.0029	0.0005	0.0001	-0.006
8_134	0.0022	0.0492	-0.0136	-0.0084	-0.0117	-0.0109	0.0043	-0.0061	0.0022	0.0001
8_135	0.0014	0.0421	-0.0109	-0.0054	-0.0131	0.0067	-0.0045	-0.0085	0.0061	0.0004
8_136	-0.0037	0.0348	-0.0086	0.0123	-0.0015	-0.0189	-0.0215	-0.0116	0.0021	-0.0002
8_137	0.001	0.0453	-0.0162	0.024	-0.0079	-0.0274	-0.0174	-0.0082	-0.0059	-0.0
8_138	0.0037	0.033	-0.0233	-0.0049	-0.009	-0.0109	-0.0109	-0.0064	-0.0056	0.004
8_139	0.0017	0.0341	-0.0139	0.011	0.004	0.0131	-0.0196	-0.0004	0.0024	-0.0014
8_140	0.0029	0.0434	-0.0069	-0.0006	-0.0035	-0.0068	0.002	-0.0098	-0.0009	0.001
8_141	-0.0014	0.0469	0.0009	0.009	-0.0199	-0.007	-0.001	-0.0192	-0.0028	-0.0053
8_142	0.004	0.049	-0.0123	0.0019	0.0091	-0.0016	-0.017	0.0046	0.0025	0.0042
8_143	-0.0003	0.0444	-0.0111	0.0083	-0.0073	0.0017	-0.0063	0.0005	0.0012	-0.0008
8_144	-0.0012	0.0425	-0.0047	-0.0055	-0.0294	-0.0166	-0.0029	0.0081	0.0025	0.001
8_145	0.0004	0.0418	-0.0266	0.0049	-0.0163	-0.0099	0.0111	-0.0077	0.0003	-0.0007
8_146	0.0026	0.0364	-0.0085	-0.0053	-0.011	-0.0114	-0.0133	-0.0055	0.0021	0.0011
8_147	0.0002	0.04	-0.0186	0.0094	-0.0179	-0.0082	-0.0012	-0.0069	0.0025	0.0009
8_148	-0.0057	0.0354	-0.0076	-0.0011	-0.0032	0.001	-0.0009	0.0014	0.0007	0.0055
8_149	0.0001	0.0374	-0.0064	-0.0088	-0.0121	-0.0247	-0.0036	-0.002	0.0066	-0.0015
8_150	0.0006	0.0485	-0.0146	-0.0168	-0.02	-0.0001	0.004	0.0018	-0.0079	0.0069
8_151	-0.002	0.0403	-0.0195	-0.0081	-0.0268	-0.0072	-0.0021	0.0126	0.0071	0.0061
8_152	0.0021	0.0431	-0.0232	0.0011	-0.0083	-0.0034	-0.0042	-0.0026	-0.0028	-0.0002
8_153	-0.0015	0.037	-0.0165	0.006	-0.0134	0.0026	0.0172	-0.0077	0.0347	-0.0114
8_154	0.0067	0.0382	-0.0173	-0.001	-0.021	-0.0143	-0.0149	0.0102	0.0079	-0.0079
8_155	-0.0004	0.0368	-0.0056	-0.0065	-0.007	-0.0257	0.0068	0.0109	0.0126	0.0017
8_156	0.0019	0.0305	0.0002	-0.0019	0.0047	0.0028	0.0024	-0.0308	0.0177	0.0044
9_157	0.0007	0.0332	0.0011	-0.0005	-0.0041	0.0048	-0.0006	0.0012	0.0024	0.0015
9_158	0.0009	0.0409	-0.0238	0.0174	-0.0159	-0.0226	-0.0172	-0.0058	0.0006	0.0002
9_159	0.0015	0.0373	-0.0156	-0.0077	0.0037	-0.0076	-0.0032	0.0013	-0.0	0.0012
9_160	0.0029	0.0419	-0.0219	-0.0034	-0.003	0.0016	0.0083	0.0076	0.0028	-0.0007
9_161	-0.0011	0.0444	-0.0161	-0.0095	-0.0085	0.0107	-0.0044	0.0004	-0.0007	0.003
9_162	-0.0002	0.0432	-0.0119	-0.0023	-0.0066	-0.0064	0.0114	-0.0003	0.0037	0.0034
9_163	-0.0018	0.0409	-0.0127	0.0074	-0.0242	-0.006	-0.0096	-0.0061	0.0021	0.0011
9_164	-0.0002	0.0422	-0.005	-0.0008	-0.0086	-0.0183	-0.0011	0.0047	-0.0029	-0.0055
9_165	0.0024	0.0359	-0.012	0.0047	0.0119	0.0021	0.0207	0.0012	-0.0095	0.0015
9_166	0.0041	0.0439	-0.0222	0.0068	-0.0163	-0.0107	-0.0111	-0.0017	-0.002	0.014
9_167	-0.0043	0.0429	-0.0092	0.0122	-0.0135	-0.0103	-0.012	-0.002	-0.001	0.0
9_168	-0.0026	0.0354	0.0182	0.0232	0.014	0.0271	-0.0138	-0.0006	0.0052	-0.0034
9_169	-0.0036	0.0372	-0.008	0.0027	0.0017	0.0034	0.0025	0.0006	0.0001	-0.0014
9_170	-0.0033	0.0438	-0.0102	-0.0023	-0.0196	0.0117	0.0078	-0.0061	0.002	0.0009
9_171	-0.0013	0.0433	-0.0195	-0.0028	-0.0215	-0.0247	0.0121	-0.0007	0.0078	0.0162
10_172	0.0001	0.0425	-0.0215	-0.0065	-0.0111	-0.0011	-0.0061	0.0019	0.0067	0.0022
10_173	-0.0051	0.0341	-0.0121	-0.005	-0.0028	-0.0113	-0.0042	-0.0092	-0.0038	-0.0026
10_174	0.0004	0.0411	-0.0166	-0.0066	-0.0021	-0.0061	-0.0161	0.0129	0.001	0.0009
10_175	-0.0024	0.0391	-0.0028	0.004	0.0006	0.019	-0.0068	0.0004	-0.0058	-0.0005
10_176	0.0044	0.0394	-0.0165	-0.0009	-0.0125	-0.012	0.0099	0.0087	-0.0058	-0.0023
10_177	0.0003	0.0486	-0.0156	0.0024	-0.0164	-0.0117	0.0118	0.0017	0.0013	-0.0035
10_178	0.0009	0.0476	0.0	0.0131	-0.0066	-0.0174	-0.0051	0.0006	0.0006	0.0166
10_179	0.0047	0.0348	-0.0274	-0.0202	-0.0203	-0.0217	0.0024	0.0042	0.0105	0.0001
10_180	-0.0014	0.0439	-0.0156	0.0115	-0.0081	-0.0144	-0.0043	0.0052	0.0	-0.001
10_181	0.0053	0.0354	-0.0073	-0.0046	-0.0066	0.0024	-0.0042	-0.0002	-0.0009	-0.0004
10_182	-0.0003	0.0381	-0.0065	0.0007	-0.0002	0.0005	-0.009	-0.0036	-0.0018	-0.0007
10_183	0.0001	0.0445	-0.0079	0.0064	-0.0078	-0.0138	0.0038	-0.0055	-0.0023	0.0049
10_184	0.0012	0.0495	-0.011	0.007	-0.0181	-0.0175	-0.0015	-0.0001	-0.0009	0.0021
10_185	0.0018	0.0434	-0.0106	0.0096	0.0144	-0.0104	0.0172	-0.0024	-0.0062	0.0016
10_186	0.0037	0.0452	-0.0176	0.0191	-0.0206	-0.0135	-0.0107	0.0082	0.0004	0.0083
10_187	0.0061	0.0467	-0.0247	-0.012	-0.0131	-0.022	-0.0116	-0.0079	0.0038	-0.0028
10_188	-0.0043	0.0469	-0.0161	0.0011	-0.0059	-0.0113	0.003	-0.0016	-0.0001	-0.0007
11_189	0.0009	-0.0008	0.0702	-0.0001	0.0107	-0.0187	-0.0049	0.0028	0.0053	-0.0216
11_190	-0.0	0.0086	0.0658	0.0027	0.0355	-0.0127	0.021	-0.0023	0.0115	-0.0065
11_191	-0.0011	0.0077	0.0503	0.0037	0.0262	-0.0164	-0.0036	-0.0011	-0.0013	-0.0052
11_192	0.0053	0.0051	0.0658	-0.0001	0.0213	-0.0217	-0.0092	0.0006	0.0006	0.0036
11_193	0.0105	0.0048	0.0777	-0.0073	0.0284	-0.0208	-0.0075	-0.0214	-0.0	-0.009
11_194	0.0074	0.0035	0.0705	-0.0165	0.0172	-0.0254	-0.0009	0.002	0.0004	-0.0032
11_195	-0.0011	-0.003	0.0813	-0.0023	0.0214	-0.0161	-0.0016	0.0064	-0.0061	0.0173
11_196	-0.0052	0.0049	0.0685	-0.0306	0.0257	-0.0364	0.003	-0.0125	-0.0302	0.0022
11_197	0.0022	0.0023	0.0553	-0.0151	0.0184	-0.01	-0.0033	0.0224	0.0036	0.0209
11_198	0.0043	0.0079	0.0631	-0.0013	0.0219	-0.0229	-0.0036	0.001	0.0021	0.0073
11_199	-0.0041	-0.0003	0.065	-0.0118	0.0422	-0.0239	-0.0028	0.0015	-0.0019	-0.0092
11_200	-0.0028	0.0003	0.066	-0.0007	0.0087	-0.0015	-0.0012	-0.0258	-0.1064	-0.0058
11_201	-0.0039	0.007	0.0595	-0.0036	0.0258	-0.0115	0.0008	0.0019	0.0009	-0.0092
11_202	0.008	0.0035	0.0537	-0.0188	0.0141	-0.0336	0.0017	-0.0	-0.0004	0.0098
11_203	-0.002	0.0086	0.0607	-0.023	0.0344	-0.0279	0.0039	-0.0082	0.0062	0.0039
11_204	-0.0037	0.0048	0.0591	-0.0131	0.0254	-0.0266	0.0033	-0.0003	-0.0051	-0.0089
12_235	0.0008	0.0018	0.0579	-0.0044	0.0263	-0.0117	0.0033	0.003	0.0183	-0.0175
12_236	0.0096	0.0041	0.0587	0.0041	0.0257	0.0033	-0.0009	0.0024	0.0004	0.0007
12_237	-0.0052	0.0088	0.0733	0.0003	0.0246	-0.0142	-0.0079	-0.0006	-0.0038	-0.0051
12_238	0.0046	0.0067	0.0667	-0.0039	0.0156	-0.0358	-0.0186	0.0033	-0.0066	0.0067
12_239	0.0065	0.004	0.0837	0.0006	0.0146	-0.0258	0.0075	-0.0026	-0.0001	0.0004
12_240	-0.0008	0.0036	0.0663	-0.0129	0.0113	-0.0261	0.0003	-0.0014	-0.0058	-0.0003
12_241	-0.003	0.0069	0.0671	-0.0029	0.0249	-0.024	-0.0088	-0.003	-0.0024	0.0014
12_242	-0.002	-0.0016	0.0662	-0.012	0.0206	-0.0226	-0.0018	0.0015	0.0041	0.0012
12_243	-0.0055	0.0078	0.0748	-0.0115	0.0394	-0.0055	0.0192	-0.0075	-0.0	-0.005
12_244	0.0041	0.0102	0.0688	-0.0045	0.0278	-0.0255	-0.0055	-0.0064	0.0007	0.0018
12_245	0.0038	0.005	0.0623	0.002	0.0137	-0.0297	-0.0065	-0.0333	-0.0148	-0.0032
12_246	0.0013	0.004	0.0627	0.0129	0.0066	-0.0119	-0.001	0.0064	0.0071	-0.0003
12_247	-0.0076	0.007	0.0515	-0.0062	0.0145	-0.0143	-0.0023	0.0058	-0.0074	-0.0127
12_248	0.0056	0.009	0.0598	-0.0108	0.0204	0.0046	0.0047	0.0054	-0.0272	0.0018
12_249	0.0047	0.0057	0.0639	0.0006	0.0039	-0.0088	-0.0004	-0.0005	-0.0108	-0.0134
12_250	-0.0011	-0.0009	0.0721	-0.0029	0.0389	-0.0324	0.0006	-0.0011	-0.0139	0.0024
13_251	-0.0042	0.0309	0.0057	0.0178	-0.0009	0.0027	0.0026	0.0006	-0.0003	-0.0006
14_252	0.0006	0.0403	-0.0189	0.0136	-0.0168	-0.0028	0.008	-0.0069	-0.0001	-0.0002
14_253	0.0017	0.0323	0.0084	0.0044	0.0032	0.0341	-0.0064	0.0049	0.0042	-0.0094
14_254	0.0007	0.0458	-0.014	-0.0006	-0.0209	-0.0121	-0.0003	-0.0146	0.0006	-0.0057
14_255	-0.0027	0.0284	0.0107	-0.0067	0.0141	0.0102	-0.0041	0.0004	0.0011	0.0023
14_256	0.0013	0.0396	-0.0088	0.0012	-0.0163	-0.0082	0.0049	-0.0002	-0.002	0.0031
15_257	0.0046	0.0364	-0.0054	-0.003	-0.0134	-0.0129	0.0029	0.003	0.0032	-0.0
15_258	0.0002	0.0393	-0.0084	-0.0223	-0.0029	-0.0111	0.0097	-0.0004	0.0015	0.0008
15_259	0.0045	0.0422	-0.0094	-0.0045	0.0064	0.0212	-0.0037	0.0013	-0.0016	0.0016
15_260	0.0023	0.0416	-0.0051	0.005	0.0184	0.0093	0.001	-0.0092	0.0013	0.0003
15_261	-0.0022	0.035	-0.0199	0.0011	0.0105	0.0062	0.0057	-0.0076	-0.0016	0.0022
15_262	0.0011	0.0429	-0.0174	0.0035	-0.0195	-0.0017	-0.0073	-0.0006	0.0006	-0.0002
15_263	-0.0008	0.0442	-0.0218	-0.0073	-0.0175	0.0038	-0.0014	0.0029	0.0041	0.0004
15_264	0.0014	0.0448	-0.0144	0.0085	0.0115	0.0052	-0.0133	-0.0	0.0096	0.0006
15_265	-0.0001	0.0439	-0.0189	-0.0068	-0.0084	-0.0183	-0.0002	-0.0131	0.0044	-0.0002
15_266	-0.0072	0.0478	-0.0074	0.0011	-0.0047	-0.0227	0.0048	0.0045	-0.0001	0.0012
15_267	0.0038	0.0423	-0.0052	0.0031	-0.001	-0.0022	-0.006	0.0033	-0.0004	0.0001
15_268	0.0026	0.0422	-0.0105	0.0144	0.0004	0.0018	-0.0038	0.0032	0.0001	-0.0006
16_269	-0.0036	0.0416	-0.0193	0.0155	-0.0211	-0.0084	0.0071	-0.0043	0.0158	0.0044
16_270	-0.0017	0.0438	-0.0172	-0.001	-0.0045	0.0032	0.0007	0.0133	-0.0022	-0.0022
16_271	0.0015	0.0402	-0.0264	0.0033	-0.0259	-0.0189	0.0063	-0.0038	0.0001	0.0001
16_272	0.0011	0.0478	-0.0075	-0.0004	-0.0189	-0.0057	-0.0166	0.0065	0.0113	0.0112
16_273	-0.0022	0.0465	-0.0101	0.0083	-0.0075	-0.0119	0.0065	-0.0006	0.0051	0.0004
16_274	0.0028	0.0506	-0.0123	0.0083	-0.0097	-0.0072	0.0013	-0.0082	-0.0004	0.001
16_275	-0.0029	0.0443	0.0027	-0.0083	0.0034	0.0012	0.0	-0.0023	-0.0087	0.0011
16_276	0.0068	0.0426	-0.0052	-0.0076	0.0049	0.0082	-0.0048	0.0007	0.0022	0.0016
16_277	-0.001	0.0373	-0.0253	0.0099	-0.0062	-0.0125	-0.0123	-0.0017	-0.0006	-0.003
16_278	0.0025	0.0351	-0.0089	0.0015	0.0169	0.0027	0.0045	0.0073	-0.009	0.0027
16_279	-0.0026	0.0496	-0.0034	-0.0039	-0.0161	-0.0106	-0.0025	-0.0094	-0.0013	-0.0011
16_280	0.0016	0.0431	-0.0214	-0.0022	-0.0084	-0.0187	-0.0064	-0.0039	-0.0075	-0.0015
16_281	0.0083	0.0438	-0.0223	-0.0013	-0.0219	-0.0106	-0.0098	0.0004	0.0046	-0.005
16_282	0.0005	0.0409	-0.0151	-0.0042	-0.009	-0.0086	-0.015	0.0066	-0.0021	-0.006
SRR5585853	-0.0024	0.0055	0.0699	-0.0102	-0.0086	-0.0041	0.0014	-0.0013	0.0013	-0.0042
SRR5585854	0.0041	0.0063	0.0561	0.0146	-0.02	0.0033	-0.0067	-0.0055	-0.0013	-0.0031
SRR5585855	-0.0065	0.0055	0.0496	0.0014	-0.0329	0.0111	-0.0156	0.0067	-0.0024	0.0135
SRR5585856	0.0033	0.0036	0.0673	-0.0027	-0.0204	0.0239	0.0076	0.0013	0.0061	-0.0001
SRR5585857	-0.0019	-0.0018	0.0695	-0.0045	-0.0364	0.0031	-0.0013	-0.0033	0.0084	0.0027
SRR5585858	0.0016	-0.0008	0.0705	0.0099	-0.0323	0.0021	-0.0039	-0.0019	-0.0001	0.0184
SRR5585859	0.0006	-0.0029	0.0655	0.0066	-0.0647	0.0042	-0.0005	0.0009	-0.0025	-0.0058
SRR5585860	0.0003	-0.0016	0.0498	-0.0087	-0.0211	0.0005	-0.0027	0.0094	-0.0078	-0.0171
SRR5585861	0.0041	0.0028	0.0811	-0.0066	0.0001	-0.002	-0.0001	-0.0	0.0174	-0.0128
SRR12588279	0.0029	0.0014	0.0708	0.0079	-0.0585	-0.0075	0.0372	0.0387	-0.014	0.0097
SRR12588280	0.0153	-0.005	0.0457	0.0128	-0.0451	0.0147	-0.0214	0.0018	0.0159	0.0347
SRR12588281	0.0151	-0.0027	0.0479	-0.0044	-0.0295	0.0223	-0.0263	-0.0022	0.0374	0.0573
SRR12588286	-0.0051	0.0053	0.0537	0.0001	-0.0549	0.0093	0.0088	0.0045	0.0017	-0.0006
SRR12588287	0.0024	-0.0041	0.0347	0.0061	-0.0145	0.007	-0.0124	-0.0008	0.0014	-0.0008
SRR12588288	0.0125	-0.0015	0.0322	0.0014	-0.0109	0.0187	-0.0126	-0.0008	0.0041	0.0041
SRR12588289	0.0172	0.0021	0.0382	0.004	-0.0283	0.0024	-0.0039	-0.0089	0.0252	-0.0027
SRR12588290	-0.0047	-0.0013	0.061	0.0098	-0.0092	-0.0065	0.01	0.0116	0.0136	-0.0504
SRR12588291	-0.0003	-0.0013	0.0581	0.0138	-0.0366	-0.0048	-0.0009	-0.0017	0.0013	-0.0047
SRR12588292	-0.0045	-0.0052	0.0569	0.0192	-0.0238	0.0073	0.001	-0.0005	0.0083	0.0004
SRR2170984	-0.0052	-0.0027	0.0662	0.0017	-0.064	0.0058	0.0052	-0.0042	-0.0046	-0.0016
SRR2174328	0.0044	-0.0013	0.0637	0.0226	-0.0424	0.0015	-0.0023	0.0021	0.0042	-0.0038
SRR2174329	0.0038	0.0031	0.0702	0.0116	-0.0428	0.0191	0.0022	-0.0047	0.0043	-0.002
SRR2174330	0.0072	0.0024	0.0664	-0.0112	-0.032	0.0113	0.0111	-0.003	-0.0011	-0.0199
SRR2174331	0.0007	-0.0041	0.0676	0.0055	-0.0498	0.0051	0.0055	-0.0022	0.0009	0.0009
SRR2174332	-0.0017	-0.0039	0.0618	0.0291	-0.0484	0.0072	0.0045	-0.0048	-0.0735	0.042
SRR2174333	-0.0027	-0.001	0.0587	-0.003	-0.0327	-0.0069	-0.0059	0.0229	-0.0023	-0.0473
SRR2174334	0.0021	0.0084	0.059	0.0187	-0.0251	0.01	-0.0022	-0.0009	0.0113	-0.0051
SRR2174357	0.0018	-0.0044	0.0642	0.0058	-0.0572	0.0022	0.0017	-0.0073	-0.0155	-0.0389
SRR2174358	-0.0039	-0.0018	0.0743	0.0149	-0.0705	0.0076	0.0033	-0.0038	0.0019	0.0036
SRR2174359	0.0033	-0.0054	0.0641	0.0133	-0.0491	0.0087	0.0133	0.0036	0.0068	-0.007
SRR2174360	0.0049	-0.0013	0.0668	0.0063	-0.036	0.0087	0.0122	0.004	-0.0095	0.0058
SRR2174361	0.0001	0.0006	0.0665	0.0159	-0.0416	0.0034	0.0013	0.0001	0.0112	-0.0082
SRR2174362	0.005	-0.0046	0.0674	0.0016	-0.0507	-0.0012	-0.001	-0.0007	0.0048	0.0055
SRR2174363	-0.0039	-0.0067	0.0784	0.0189	-0.0648	0.0132	-0.0096	-0.0001	0.0023	0.0026
SRR2174364	-0.008	0.0053	0.0468	0.0195	-0.0344	0.0254	-0.0052	0.0036	0.0029	0.0015
SRR2174366	-0.0046	0.0008	0.0619	0.0042	-0.0489	0.0195	0.0008	-0.0001	-0.0026	-0.0009
SRR2174367	0.0011	0.0029	0.0765	0.0102	-0.0356	0.033	0.004	0.0331	0.0021	0.0029
SRR2174368	0.0017	0.0018	0.0851	0.0235	-0.0947	0.0058	0.0104	0.0226	-0.03	0.0133
SRR2174369	0.0069	-0.0072	0.0865	0.0287	-0.0948	0.0175	0.005	0.0446	-0.0155	-0.0107
SRR2174449	-0.004	-0.0042	0.0526	0.0122	-0.0713	0.0015	-0.0031	0.0484	-0.0585	-0.0088
SRR2174450	0.0009	-0.0009	0.0771	-0.0079	-0.073	0.0235	0.0247	0.0338	-0.0108	0.0004
SRR2174451	0.002	0.0001	0.0699	0.0211	-0.0778	0.0225	0.015	-0.0033	-0.0029	0.0047
SRR2174452	0.0017	-0.0045	0.0789	0.0003	-0.08	0.0222	0.0136	0.0378	0.0072	0.0016
SRR3669078	-0.003	-0.0121	0.0273	0.0078	-0.0111	-0.0047	0.0012	-0.0037	-0.0043	0.001
SRR3669756	-0.0066	-0.0057	0.0333	0.0142	-0.0707	-0.0043	0.0324	0.024	-0.0395	0.0009
SRR3669927	-0.0038	-0.0184	0.0503	0.0269	-0.0605	0.0124	0.0115	0.0	-0.0041	0.0323
